,ID,season_id,player,pos,height,weight,years_experience,age,g,gs,mp,fg,fga,fg3,fg3a,fg2,fg2a,ft,fta,orb,drb,trb,ast,stl,blk,tov,pf,pts,off_rtg,def_rtg,avg_dist,fg2_dunk,fg3a_heave,fg3_heave,vorp,pos_C_Ind,pos_PF_Ind,pos_PG_Ind,pos_SF_Ind,pos_SG_Ind,vorp_pred,cap_pct_prediction,salary_prediction
398,399,10,Álex Abrines,SG,78,200,2,25,31,2,588,56,157,41,127,15,30,12,13,5,43,48,20,17,6,14,53,165,103,111,22.3,1,2,0,-0.2,0,0,0,0,1,0.171476278,0.032452978,3541918.032
0,1,10,Aaron Gordon,PF,80,220,4,23,78,78,2633,470,1046,121,347,349,699,185,253,129,445,574,289,57,56,162,172,1246,107,109,13,104,4,0,1.7,0,1,0,0,0,1.36802556,0.160518319,17518969.32
1,2,10,Aaron Holiday,PG,73,185,0,22,50,0,646,105,262,43,127,62,135,41,50,5,62,67,87,21,13,40,71,294,102,108,17.7,2,1,0,0.1,0,0,1,0,0,0.216756645,0.019663965,2146125.173
2,3,10,Abdel Nader,SF,77,225,1,25,61,1,694,91,215,32,100,59,115,27,36,14,102,116,20,20,12,26,68,241,102,108,13.6,5,1,0,-0.2,0,0,0,1,0,0.171476278,0.026350077,2875847.41
3,4,10,Al Horford,C,81,245,11,32,68,68,1973,387,723,73,203,314,520,78,95,120,338,458,283,59,86,102,126,925,122,107,13.3,47,1,0,3.6,1,0,0,0,0,1.247005522,0.211752966,23110718.76
4,5,10,Al-Farouq Aminu,PF,80,220,8,28,81,81,2292,257,593,96,280,161,313,150,173,112,498,610,104,68,33,72,143,760,118,109,13.9,42,0,0,1.5,0,1,0,0,0,0.92701256,0.106728773,11648378.24
399,400,10,Alec Burks,SG,78,214,7,27,64,24,1375,192,474,61,168,131,306,116,141,30,205,235,128,39,21,65,91,561,316,335,12.93333333,11,2,0,0.2,0,0,0,0,1,0.440927283,0.03768678,4113135.146
6,7,10,Alex Len,C,85,250,5,25,77,31,1544,320,648,74,204,246,444,140,216,158,266,424,86,27,69,97,200,854,113,113,10,120,1,0,0.3,1,0,0,0,0,0.903344137,0.086505973,9441261.888
8,9,10,Alfonzo McKinnie,SF,79,215,1,26,72,5,1003,134,275,42,118,92,157,27,48,81,166,247,31,18,15,30,134,337,116,111,12.9,33,0,0,-0.4,0,0,0,1,0,0.237672195,0.028785695,3141670.7
9,10,10,Allen Crabbe,SG,77,212,5,26,43,20,1133,137,373,98,259,39,114,41,56,16,132,148,46,23,13,46,102,413,100,112,21,0,2,0,-0.2,0,0,0,0,1,0.229147945,0.079740443,8702872.003
10,11,10,Allonzo Trier,SG,76,200,0,23,64,3,1459,232,518,52,132,180,386,179,223,31,166,197,119,28,14,116,117,695,104,116,12.2,8,0,0,-0.4,0,0,0,0,1,0.591334815,0.024414799,2664631.204
11,12,10,Amir Johnson,C,81,240,13,31,51,6,529,79,157,12,40,67,117,31,41,47,100,147,60,16,13,45,99,201,109,109,9.6,12,1,0,0,1,0,0,0,0,0.20773243,0.049901008,5446196.024
12,13,10,Andre Drummond,C,73,279,6,25,79,79,2647,561,1052,5,38,556,1014,243,412,423,809,1232,112,136,138,175,272,1370,113,100,4.1,167,7,0,2.7,1,0,0,0,0,2.928320932,0.23885783,26068943.55
13,14,10,Andre Iguodala,SF,78,215,14,35,68,13,1578,151,302,48,144,103,158,39,67,48,204,252,216,61,51,52,95,389,124,109,14.9,69,1,0,1.5,0,0,0,1,0,0.484812871,0.059653899,6510626.557
14,15,10,Andrew Bogut,C,85,260,13,34,11,5,134,18,36,0,0,18,36,3,3,12,43,55,11,3,8,8,22,39,107,104,4.2,5,0,0,0,1,0,0,0,0,0.170706491,0.047085116,5138869.52
16,17,10,Andrew Wiggins,SF,79,194,4,23,73,73,2543,498,1209,118,348,380,861,207,296,83,269,352,184,70,48,138,153,1321,100,115,13.7,39,2,0,-0.6,0,0,0,1,0,1.19327748,0.148999136,16261765.72
17,18,10,Anfernee Simons,SG,75,181,0,19,20,1,141,28,63,10,29,18,34,9,16,3,10,13,13,1,0,11,9,75,102,116,16.2,0,0,0,-0.1,0,0,0,0,1,0.171476278,0.024468452,2670486.812
18,19,10,Ante ii?,C,73,254,1,22,59,25,1082,183,331,0,0,183,331,93,132,108,212,320,53,13,22,61,113,459,116,117,4.4,25,0,0,-0.3,1,0,0,0,0,0.328038523,0.027696641,3022811.365
19,20,10,Anthony Davis,C,73,253,6,25,56,56,1850,530,1026,48,145,482,881,344,433,174,498,672,218,88,135,112,132,1452,122,105,9.8,151,1,0,5.3,1,0,0,0,0,3.23290117,0.244276468,26660333.69
20,21,10,Anthony Tolliver,PF,80,240,10,33,65,0,1079,99,259,81,215,18,44,47,60,15,162,177,46,17,21,36,91,326,110,115,22.1,4,0,0,-0.1,0,1,0,0,0,0.244286499,0.039161267,4274060.656
21,22,10,Antonio Blakeney,SG,76,192,1,22,57,3,829,166,396,36,91,130,305,50,76,7,99,106,42,12,9,35,41,418,94,116,14.1,9,1,0,-0.7,0,0,0,0,1,0.197759922,0.021793214,2378511.407
22,23,10,Aron Baynes,C,73,260,6,32,51,18,821,105,223,21,61,84,162,53,62,88,152,240,57,12,34,40,125,284,118,108,9.9,22,0,0,0.1,1,0,0,0,0,0.257950833,0.065654417,7165523.096
400,401,10,Austin Rivers,SG,75,200,6,26,76,15,2028,232,572,104,327,128,245,50,95,25,137,162,167,47,23,68,207,618,204,231,16.25,2,1,0,-1.2,0,0,0,0,1,0.521563346,0.094906113,10358053.19
401,402,10,Avery Bradley,SG,75,180,8,28,63,63,1905,248,608,86,245,162,363,43,50,43,132,175,152,41,16,89,167,625,200,228,17.25,2,3,0,-0.9,0,0,0,0,1,0.54895552,0.147436168,16091183.35
23,24,10,Bam Adebayo,C,81,255,1,21,82,28,1913,280,486,3,15,277,471,166,226,165,432,597,184,71,65,121,203,729,120,104,5.2,117,2,0,1.8,1,0,0,0,0,1.458154843,0.036592394,3993693.929
24,25,10,Ben McLemore,SG,75,195,5,25,19,0,158,25,64,17,41,8,23,8,12,3,14,17,4,6,3,5,22,75,105,113,20.1,2,1,0,-0.1,0,0,0,0,1,0.171476278,0.024026411,2622242.531
25,26,10,Ben Simmons,PG,73,230,1,22,79,79,2700,540,960,0,6,540,954,257,428,172,525,697,610,112,61,274,209,1337,114,108,4.1,133,0,0,3.8,0,0,1,0,0,3.163816253,0.076294868,8326821.915
26,27,10,Bismack Biyombo,C,80,255,7,26,54,32,783,89,156,0,0,89,156,58,91,81,166,247,33,11,41,34,103,236,121,110,4.2,32,0,0,-0.1,1,0,0,0,0,0.23619298,0.068290658,7453242.377
27,28,10,Blake Griffin,PF,81,250,8,29,75,75,2622,619,1341,189,522,430,819,414,550,100,465,565,402,52,28,253,199,1841,113,110,13.1,37,3,0,4.7,0,1,0,0,0,3.557085875,0.256830137,28030441.15
402,403,10,Boban Marjanović,C,88,290,3,30,58,12,681,160,260,4,10,156,250,98,131,87,178,265,54,16,27,59,90,422,247,215,5.4,37,0,0,0.9,1,0,0,0,0,0.321119107,0.056381818,6153511.628
403,404,10,Bobby Portis,PF,73,246,3,23,50,28,1299,279,628,75,191,204,437,77,97,109,294,403,72,35,20,74,145,710,209,225,12.5,23,0,0,-0.2,0,1,0,0,0,0.679869725,0.117864771,12863761.11
28,29,10,Bogdan Bogdanović,SG,78,220,1,26,70,17,1947,361,863,134,372,227,491,134,162,40,203,243,267,72,15,117,142,990,107,113,16.2,3,3,0,0.7,0,0,0,0,1,0.727157459,0.039040151,4260842.052
29,30,10,Bojan Bogdanović,SF,80,216,4,29,81,81,2573,522,1051,164,386,358,665,246,305,33,300,333,161,69,1,134,138,1454,114,110,13.5,31,0,0,1.7,0,0,0,1,0,1.818309464,0.154705364,16884543.41
30,31,10,Brad Wanamaker,PG,75,210,0,29,36,0,343,50,105,16,39,34,66,24,28,3,38,41,56,12,2,19,34,140,118,110,15.2,0,0,0,0.1,0,0,1,0,0,0.196816637,0.021422533,2338055.285
31,32,10,Bradley Beal,SG,75,207,6,25,82,82,3028,764,1609,209,596,555,1013,362,448,89,322,411,448,121,58,224,226,2099,113,114,14.7,61,1,0,3.7,0,0,0,0,1,3.939440488,0.207814141,22680835.37
32,33,10,Brandon Ingram,SF,79,190,2,21,52,52,1760,362,729,31,94,331,635,195,289,41,226,267,154,28,31,129,149,950,104,112,10.1,43,0,0,0,0,0,0,1,0,0.745784089,0.059200875,6461183.534
404,405,10,Brandon Knight,PG,74,195,6,27,39,26,736,99,260,41,129,58,131,27,34,10,49,59,71,21,2,30,62,266,184,235,18.85,0,0,0,-0.6,0,0,1,0,0,0.223939773,0.062049056,6772033.93
34,35,10,Brook Lopez,C,85,270,10,30,81,81,2322,355,786,187,512,168,274,112,133,33,363,396,98,51,179,82,189,1009,113,103,19.2,40,0,0,2.4,1,0,0,0,0,1.38059079,0.127723922,13939788.88
35,36,10,Bruce Brown,SG,76,202,0,22,74,56,1449,125,314,24,93,101,221,45,60,48,137,185,91,40,36,46,178,319,100,110,10.2,16,3,0,-0.5,0,0,0,0,1,0.250533624,0.027426402,2993317.533
36,37,10,Bruno Caboclo,SF,81,218,4,23,34,19,800,96,225,48,130,48,95,42,50,42,116,158,50,14,33,38,81,282,109,109,15.8,10,1,0,0.2,0,0,0,1,0,0.232520816,0.082619353,9017076.216
37,38,10,Bryn Forbes,SG,74,190,2,25,82,81,2293,361,791,176,413,185,378,69,78,18,221,239,175,45,4,80,159,967,113,114,18.7,2,3,0,0.5,0,0,0,0,1,0.686411205,0.057296451,6253334.702
38,39,10,Buddy Hield,SG,76,220,2,26,82,82,2615,623,1360,278,651,345,709,171,193,106,306,412,205,58,33,146,202,1695,113,114,17,34,2,0,2.7,0,0,0,0,1,1.606699607,0.093100049,10160939.33
405,406,10,C.J. Miles,SF,78,220,13,31,53,1,856,112,311,67,203,45,108,48,58,13,82,95,36,26,15,30,79,339,201,221,19.55,3,1,0,-0.2,0,0,0,1,0,0.216134245,0.047228989,5154571.806
406,407,10,Cameron Payne,PG,75,190,3,24,40,13,712,96,223,25,84,71,139,33,41,13,59,72,106,28,9,45,64,250,213,231,14.95,0,1,0,-0.1,0,0,1,0,0,0.225998046,0.042814566,4672781.767
42,43,10,Cameron Reynolds,SG,79,225,0,23,19,0,259,33,78,21,51,12,27,8,9,4,27,31,13,6,2,5,26,95,118,116,19,3,0,0,0,0,0,0,0,1,0.178076079,0.016047804,1751457.352
43,44,10,Caris LeVert,SF,78,205,2,24,40,25,1063,207,483,48,154,159,329,85,123,35,116,151,156,42,14,69,77,547,105,110,11.7,15,0,0,0.6,0,0,0,1,0,0.325852034,0.050912978,5556642.408
45,46,10,Cedi Osman,SF,79,215,1,23,76,75,2444,360,844,130,374,230,470,141,181,45,312,357,195,60,11,114,195,991,106,118,14.8,10,1,0,-0.8,0,0,0,1,0,0.758308573,0.031229041,3408337.554
46,47,10,Chandler Hutchison,SF,79,196,0,22,44,14,895,96,209,14,50,82,159,23,38,31,154,185,34,23,6,25,59,229,101,114,9.6,16,3,0,-0.4,0,0,0,1,0,0.191444978,0.019917424,2173787.654
47,48,10,Chandler Parsons,SF,81,230,7,30,25,3,496,68,182,29,94,39,88,22,25,4,66,70,43,19,5,32,45,187,91,109,17,1,0,0,-0.3,0,0,0,1,0,0.160419634,0.053778948,5869434.365
48,49,10,Channing Frye,C,85,255,12,35,36,6,341,43,117,32,79,11,38,11,14,4,48,52,20,6,5,13,44,129,104,118,21.7,2,0,0,-0.1,1,0,0,0,0,0.171476278,0.031775928,3468024.829
49,50,10,Chasson Randle,PG,74,185,1,25,49,2,743,91,217,46,115,45,102,43,62,10,46,56,97,25,3,43,91,271,108,117,15.9,0,0,0,-0.4,0,0,1,0,0,0.211295328,0.025324265,2763890.295
50,51,10,Cheick Diallo,PF,80,220,2,22,64,1,896,168,271,1,4,167,267,50,67,75,257,332,33,29,33,49,113,387,119,108,6.3,26,1,0,0.2,0,1,0,0,0,0.305653299,0.036660723,4001151.308
51,52,10,Chimezie Metu,PF,81,225,0,21,29,0,145,19,58,0,2,19,56,13,17,9,27,36,13,6,2,15,14,51,79,109,9.6,6,0,0,-0.2,0,1,0,0,0,0.141679075,0.022557375,2461911.919
52,53,10,Chris Boucher,PF,81,200,1,26,28,0,163,34,76,12,37,22,39,13,15,16,40,56,2,6,24,7,31,93,112,97,13.3,11,0,0,0.2,0,1,0,0,0,0.218498372,0.029828427,3255474.482
53,54,10,Chris Paul,PG,73,175,13,33,58,58,1857,302,720,127,355,175,365,175,203,36,229,265,473,114,18,152,146,906,118,109,17.9,0,3,1,2.8,0,0,1,0,0,1.227932897,0.206263096,22511554.28
54,55,10,Christian Wood,PF,73,214,2,23,8,2,189,49,92,6,21,43,71,31,41,13,50,63,6,7,10,14,14,135,114,107,9.4,20,0,0,0.1,0,1,0,0,0,0.178076079,0.054961003,5998443.888
40,41,10,CJ McCollum,SG,75,197,5,27,70,70,2375,571,1243,167,445,404,798,159,192,62,220,282,207,55,28,106,172,1468,113,113,15.3,14,1,0,1.8,0,0,0,0,1,1.108640316,0.18341419,20017824.74
55,56,10,Clint Capela,C,73,240,4,24,67,67,2249,474,732,0,0,474,732,166,261,298,550,848,96,44,102,94,168,1114,133,108,2.4,240,0,0,2.8,1,0,0,0,0,1.475426366,0.221837035,24211294.02
56,57,10,Cody Zeller,C,85,240,5,26,49,47,1243,190,345,6,22,184,323,111,141,110,223,333,102,38,41,62,164,497,123,111,5.1,43,0,0,0.7,1,0,0,0,0,0.374657616,0.115054,12556993.59
57,58,10,Collin Sexton,PG,73,190,0,20,82,72,2605,519,1206,119,296,400,910,214,255,57,179,236,243,44,6,185,186,1371,101,121,13.5,7,1,0,-1.8,0,0,1,0,0,0.946359287,0.042387633,4626186.255
407,408,10,Corey Brewer,SF,81,186,11,32,31,3,492,53,123,14,44,39,79,31,43,26,50,76,39,32,7,19,63,151,217,216,11.6,7,0,0,0,0,0,0,1,0,0.196341695,0.042118628,4596827.061
58,59,10,Cory Joseph,PG,75,200,7,27,82,9,2063,226,548,55,171,171,377,30,43,39,240,279,321,94,22,80,131,537,105,107,15.7,0,4,1,0.9,0,0,1,0,0,0.556607889,0.079791699,8708466.07
408,409,10,Courtney Lee,SG,77,215,10,33,34,6,428,53,129,16,55,37,74,14,21,9,45,54,37,21,3,14,32,136,209,223,16.7,1,0,0,-0.1,0,0,0,0,1,0.178076079,0.034180923,3730505.887
59,60,10,Cristiano Felício,C,73,270,3,26,60,0,746,95,179,0,4,95,175,50,73,79,139,218,37,11,7,33,69,240,116,114,3.9,22,0,0,-0.4,1,0,0,0,0,0.208207477,0.045962357,5016331.645
113,114,10,Dāvis Bertāns,PF,73,225,2,26,76,12,1632,204,453,145,338,59,115,53,60,23,241,264,100,35,33,43,133,606,122,112,21.8,8,3,0,1.4,0,1,0,0,0,0.463450771,0.050980208,5563979.891
61,62,10,D.J. Augustin,PG,71,183,10,31,81,81,2269,318,677,131,311,187,366,181,209,41,162,203,426,52,4,128,115,948,122,112,15.2,0,4,0,1.4,0,0,1,0,0,0.991692613,0.112110926,12235786.45
62,63,10,D.J. Wilson,PF,73,231,1,22,48,3,882,104,251,46,127,58,124,26,47,45,177,222,52,18,20,32,85,280,106,106,15.7,17,0,0,0,0,1,0,0,0,0.261569261,0.024114628,2631870.477
60,61,10,D'Angelo Russell,PG,76,198,3,22,81,81,2448,659,1517,234,635,425,882,160,205,53,262,315,563,100,20,253,141,1712,107,110,16.4,3,1,0,3.4,0,0,1,0,0,1.704234517,0.185111724,20203093.52
63,64,10,Dairis Bertāns,SG,76,200,0,29,12,0,167,12,47,10,34,2,13,0,0,2,7,9,10,1,0,2,7,34,86,120,23.7,0,0,0,-0.3,0,0,0,0,1,0.141679075,0.02209085,2410995.41
64,65,10,Damian Jones,C,83,245,2,23,24,22,410,53,74,0,0,53,74,24,37,31,44,75,28,12,25,16,63,130,137,109,3,35,0,0,0.3,1,0,0,0,0,0.203617559,0.038659208,4219265.967
65,66,10,Damian Lillard,PG,74,195,6,28,80,80,2838,681,1533,237,643,444,890,468,513,68,303,371,551,88,34,212,148,2067,121,112,15.7,24,3,0,6,0,0,1,0,0,3.779951345,0.256947758,28043278.31
66,67,10,Damion Lee,SG,77,210,1,26,32,0,375,56,127,27,68,29,59,19,22,8,56,64,13,13,0,11,28,158,112,111,18.3,0,0,0,0,0,0,0,0,1,0.178076079,0.029725711,3244264.078
67,68,10,Damyean Dotson,SG,77,202,1,24,73,40,2004,290,698,126,342,164,356,73,98,34,228,262,135,58,10,71,135,779,105,116,18.2,4,1,0,-0.3,0,0,0,0,1,0.569132225,0.020022463,2185251.572
68,69,10,Daniel Hamilton,SG,79,195,1,23,19,3,204,23,60,8,23,15,37,3,6,10,37,47,22,6,1,16,19,57,91,114,12.7,0,0,0,-0.1,0,0,0,0,1,0.141679075,0.038356621,4186241.637
69,70,10,Daniel Theis,C,80,215,1,26,66,2,908,146,266,26,67,120,199,56,76,87,138,225,68,21,42,33,161,374,128,107,10.1,52,0,0,0.5,1,0,0,0,0,0.275093434,0.214043275,23360683.08
70,71,10,Danilo Gallinari,SF,73,233,9,30,68,68,2059,409,884,161,372,248,512,367,406,54,363,417,178,49,23,99,129,1346,125,112,16.1,40,2,0,3.3,0,0,0,1,0,2.444503492,0.101363652,11062828.93
71,72,10,Danny Green,SG,78,215,9,31,80,80,2216,293,630,198,435,95,195,37,44,60,257,317,126,73,53,75,171,821,119,108,19.6,2,2,0,2.2,0,0,0,0,1,0.727759587,0.041545457,4534271.219
72,73,10,Dante Cunningham,PF,80,230,9,31,64,21,928,75,158,30,65,45,93,14,18,48,140,188,50,27,13,22,71,194,121,111,13.7,8,1,0,0.3,0,1,0,0,0,0.242069357,0.04642985,5067353.851
73,74,10,Dante Exum,PG,77,190,3,23,42,1,664,101,241,18,62,83,179,68,86,16,52,68,110,14,5,52,69,288,104,110,9,13,0,0,0,0,0,1,0,0,0.225945584,0.043230733,4718202.245
74,75,10,Danuel House,SF,78,215,2,25,39,13,979,118,252,74,178,44,74,56,71,25,115,140,40,21,11,35,80,366,123,113,18.3,14,0,0,0.4,0,0,0,1,0,0.216134245,0.047163969,5147475.598
409,410,10,Dario ari?,PF,73,225,2,24,81,41,2023,304,696,118,323,186,373,132,150,126,331,457,127,45,9,97,182,858,215,227,15.85,10,0,0,0.2,0,1,0,0,0,0.825482158,0.069650057,7601607.205
75,76,10,Darius Miller,SF,78,225,4,28,69,15,1757,189,484,133,364,56,120,56,71,14,114,128,146,40,23,59,165,567,110,116,22.3,1,1,0,-0.4,0,0,0,1,0,0.347809774,0.122812118,13403714.59
76,77,10,Darren Collison,PG,73,175,9,31,76,76,2143,308,659,79,194,229,465,158,190,36,196,232,459,110,9,125,138,853,118,108,15.2,1,1,0,2.1,0,0,1,0,0,1.175416432,0.037044006,4042982.821
77,78,10,David Nwaba,SG,77,219,2,26,51,14,984,126,262,24,75,102,187,58,85,41,122,163,54,36,17,29,106,334,115,116,10.1,15,1,0,0,0,0,0,0,1,0.249229346,0.059666689,6512022.415
78,79,10,De'Aaron Fox,PG,75,185,1,21,81,81,2546,505,1102,86,232,419,870,303,417,43,261,304,590,133,45,227,204,1399,110,111,11.6,41,0,0,2.3,0,0,1,0,0,2.638839751,0.036620034,3996710.471
79,80,10,De'Anthony Melton,PG,74,200,0,20,50,31,984,100,256,29,95,71,161,21,28,25,109,134,159,68,23,75,113,250,93,112,13.7,8,0,0,-0.2,0,0,1,0,0,0.314005257,0.047088536,5139242.816
84,85,10,Deandre Ayton,C,83,250,0,20,71,70,2183,509,870,0,4,509,866,141,189,223,506,729,125,61,67,126,209,1159,117,113,6.7,135,0,0,1.2,1,0,0,0,0,1.228704267,0.15611555,17038451.15
410,411,10,DeAndre Jordan,C,83,265,10,30,69,69,2047,286,446,0,0,286,446,186,264,225,677,902,156,42,73,153,167,758,246,214,2.15,167,0,0,2.1,1,0,0,0,0,1.065185693,0.043138124,4708094.806
80,81,10,DeAndre' Bembry,SG,77,210,2,24,82,15,1931,275,616,50,173,225,443,87,136,54,304,358,202,105,41,142,190,687,97,112,9.8,50,1,0,-0.2,0,0,0,0,1,0.660109889,0.129059186,14085519.55
411,412,10,Delon Wright,PG,77,183,3,26,75,13,1699,242,558,50,168,192,390,119,150,68,198,266,248,88,30,77,103,653,223,214,10.85,13,5,0,1.4,0,0,1,0,0,0.718706964,0.234627706,25607267.82
81,82,10,DeMar DeRozan,SG,78,220,9,29,77,77,2688,631,1313,7,45,624,1268,366,441,54,408,462,475,86,36,199,177,1635,110,111,10.8,20,1,0,2.2,0,0,0,0,1,2.529067248,0.14111434,15401219.05
82,83,10,DeMarcus Cousins,C,73,270,8,28,30,30,771,178,371,26,95,152,276,106,144,43,204,247,107,40,44,72,109,488,109,102,10.1,23,0,0,1,1,0,0,0,0,0.548316293,0.087796578,9582118.471
83,84,10,DeMarre Carroll,PF,78,215,9,32,67,8,1703,227,575,106,310,121,265,184,242,68,281,349,85,31,10,73,114,744,110,111,16.3,3,0,0,0.2,0,1,0,0,0,0.637546999,0.102953812,11236379.06
86,87,10,Dennis Schröder,PG,73,172,5,25,79,14,2314,457,1104,124,364,333,740,186,227,38,246,284,323,65,12,172,189,1224,103,110,14.1,1,5,0,0,0,0,1,0,0,0.983724955,0.102953812,11236379.06
412,413,10,Dennis Smith,PG,74,195,1,21,53,50,1508,278,650,67,208,211,442,99,156,32,123,155,252,67,20,154,129,722,192,225,12.65,31,1,0,0,0,0,1,0,0,0.703501705,0.038935654,4249437.241
87,88,10,Deonte Burton,SG,76,240,0,25,32,0,240,33,82,8,27,25,55,8,12,4,24,28,9,6,8,9,31,82,94,109,11.1,4,0,0,-0.1,0,0,0,0,1,0.141679075,0.02154092,2350976.048
88,89,10,Derrick Favors,C,81,265,8,27,76,70,1766,363,619,17,78,346,541,154,228,207,353,560,89,56,106,84,163,897,124,103,6.6,146,0,0,2.4,1,0,0,0,0,1.643002122,0.182954121,19967612.82
89,90,10,Derrick Jones,SF,78,210,2,21,60,14,1153,160,324,28,91,132,233,74,122,96,144,240,37,46,42,43,123,422,113,107,9,62,3,0,0.4,0,0,0,1,0,0.281656243,0.038953885,4251427.055
90,91,10,Derrick Rose,PG,74,200,9,30,51,13,1392,363,753,54,146,309,607,137,160,33,107,140,220,31,12,82,57,917,114,117,12.1,1,3,0,1.2,0,0,1,0,0,0.869995144,0.111507854,12169967.23
91,92,10,Derrick White,PG,76,190,1,24,67,55,1728,260,543,48,142,212,401,95,123,35,212,247,263,67,47,97,145,663,111,110,12.4,15,0,0,1.3,0,0,1,0,0,0.667382138,0.034181966,3730619.771
92,93,10,Devin Booker,SG,77,210,3,22,64,64,2242,586,1255,135,414,451,841,393,454,39,226,265,433,56,13,264,200,1700,109,118,14.6,14,6,1,1.7,0,0,0,0,1,2.955088067,0.190699982,20812996
93,94,10,Devin Harris,PG,75,185,14,35,68,2,1071,132,347,62,200,70,147,102,134,12,100,112,122,35,16,56,133,428,107,112,17.6,0,3,0,-0.1,0,0,1,0,0,0.272493489,0.041703355,4551504.146
94,95,10,Devonte' Graham,PG,73,185,0,23,46,3,676,74,216,34,121,40,95,35,46,10,53,63,121,23,2,30,48,217,104,115,18.4,0,5,0,-0.3,0,0,1,0,0,0.201132629,0.017353885,1894002.998
95,96,10,Dewayne Dedmon,C,85,245,5,29,64,52,1609,259,526,83,217,176,309,92,113,105,375,480,90,69,71,84,214,693,115,109,13.3,62,0,0,1,1,0,0,0,0,0.840338449,0.093258307,10178211.65
96,97,10,Deyonta Davis,C,83,237,2,22,9,0,118,15,22,0,1,15,21,6,10,10,26,36,5,3,5,3,12,36,136,112,4.6,10,0,0,0,1,0,0,0,0,0.178076079,0.029332779,3201379.517
97,98,10,Dillon Brooks,SF,79,220,1,23,18,0,330,49,122,15,40,34,82,22,30,9,22,31,16,10,4,19,50,135,94,112,13.1,2,1,0,-0.4,0,0,0,1,0,0.141679075,0.020486479,2235894.372
98,99,10,Dion Waiters,SG,75,215,6,27,44,28,1138,198,478,109,289,89,189,22,44,7,109,116,121,29,9,64,72,527,102,111,17.8,0,1,0,0.3,0,0,0,0,1,0.296194922,0.093631824,10218977.29
99,100,10,Dirk Nowitzki,PF,85,245,20,40,51,20,795,135,376,64,205,71,171,39,50,5,153,158,35,9,18,18,76,373,96,111,20.9,2,1,0,-0.4,0,1,0,0,0,0.189944322,0.045309617,4945091.628
100,101,10,Domantas Sabonis,C,83,240,2,22,74,5,1838,413,700,9,17,404,683,208,291,186,504,690,212,48,30,160,239,1043,118,104,6.2,48,0,0,2.4,1,0,0,0,0,1.60211385,0.061015614,6659244.105
101,102,10,Donovan Mitchell,SG,73,215,1,22,77,77,2598,661,1530,188,519,473,1011,319,396,59,257,316,322,106,31,218,208,1829,104,107,13.7,31,5,1,2.2,0,0,0,0,1,3.722739453,0.055336054,6039376.985
102,103,10,Donte DiVincenzo,SG,76,203,0,22,27,0,411,50,124,22,83,28,41,9,12,16,49,65,31,13,6,19,38,131,102,107,18.6,5,0,0,0,0,0,0,0,1,0.171476278,0.018468383,2015639.283
103,104,10,Dorian Finney-Smith,SF,79,220,2,25,81,26,1985,228,528,79,254,149,274,73,103,138,251,389,95,69,36,74,186,608,109,111,14.1,60,4,0,0.3,0,0,0,1,0,0.604195607,0.049795325,5434661.797
104,105,10,Doug McDermott,SF,79,225,4,27,77,1,1340,207,422,84,206,123,216,66,79,17,92,109,67,18,8,42,104,564,117,112,16.1,16,1,0,0.2,0,0,0,1,0,0.342197381,0.045554565,4971825.179
105,106,10,Dragan Bender,PF,85,225,2,21,46,27,826,88,197,22,101,66,96,32,54,34,149,183,56,18,22,37,90,230,102,115,14,14,0,0,-0.5,0,1,0,0,0,0.210330735,0.034998128,3819695.655
106,107,10,Draymond Green,PF,78,230,6,28,66,66,2065,188,422,47,165,141,257,63,91,60,421,481,454,95,70,169,197,486,108,106,13.4,25,1,0,1.8,0,1,0,0,0,0.561631411,0.121045398,13210894.78
108,109,10,Duncan Robinson,PF,79,215,0,24,15,1,161,18,46,10,35,8,11,4,6,2,17,19,5,5,0,4,11,50,102,111,20.8,2,0,0,-0.1,0,1,0,0,0,0.171476278,0.018916312,2064526.283
109,110,10,Dwayne Bacon,SG,78,221,1,23,43,13,759,122,257,38,87,84,170,34,46,8,81,89,47,12,5,18,72,316,114,116,13,7,0,0,-0.3,0,0,0,0,1,0.211466894,0.021838053,2383405.074
110,111,10,Dwight Howard,C,73,265,14,33,9,9,230,43,69,0,0,43,69,29,48,24,59,83,4,7,4,16,34,115,116,111,4.6,12,0,0,-0.1,1,0,0,0,0,0.178076079,0.092148714,10057110.63
111,112,10,Dwight Powell,C,73,240,4,27,77,22,1662,290,486,39,127,251,359,196,254,140,271,411,112,44,50,67,201,815,135,110,8.6,99,0,0,2.1,1,0,0,0,0,0.841998025,0.112683824,12298312.53
112,113,10,Dwyane Wade,SG,76,220,15,37,72,2,1885,416,960,86,261,330,699,165,233,69,216,285,301,59,38,166,118,1083,102,109,13,18,3,1,1.2,0,0,0,0,1,0.816650751,0.09315384,10166810.1
114,115,10,E'Twaun Moore,SG,75,191,7,29,53,36,1463,256,532,76,176,180,356,45,59,35,92,127,102,40,8,59,112,633,110,117,13.3,0,0,0,-0.1,0,0,0,0,1,0.516811272,0.095112676,10380597.5
115,116,10,Ed Davis,C,81,225,8,29,81,1,1446,186,302,0,2,186,300,100,162,216,478,694,61,35,33,64,226,472,129,105,2.3,42,0,0,0.7,1,0,0,0,0,0.412107808,0.082719051,9027957.239
116,117,10,Edmond Sumner,PG,76,176,1,23,23,2,210,22,64,7,27,15,37,15,24,9,15,24,10,12,5,10,26,66,91,106,13.5,0,0,0,-0.2,0,0,1,0,0,0.141679075,0.020370438,2223229.637
117,118,10,Ekpe Udoh,C,73,245,6,31,51,1,320,50,72,0,0,50,72,19,30,27,63,90,28,10,31,13,36,119,135,100,3.8,15,0,0,0.5,1,0,0,0,0,0.218498372,0.040652481,4436811.797
118,119,10,Elfrid Payton,PG,75,185,4,24,42,42,1250,179,412,33,105,146,307,55,74,49,171,220,320,44,17,112,81,446,106,113,9.5,6,1,0,0.2,0,0,1,0,0,0.316444742,0.098205685,10718168.5
120,121,10,Emmanuel Mudiay,PG,75,200,3,22,59,42,1607,330,740,69,210,261,530,144,186,33,163,196,228,43,19,140,103,873,102,116,12.7,10,0,0,0,0,0,1,0,0,0.768980604,0.133683151,14590179.13
413,414,10,Enes Kanter,C,73,262,7,26,67,31,1640,375,683,10,34,365,649,155,197,257,402,659,116,32,26,118,167,915,239,221,4.5,22,0,0,1.2,1,0,0,0,0,1.127291415,0.134864313,14719091.08
121,122,10,Eric Bledsoe,PG,73,205,8,29,78,78,2272,470,971,124,377,346,594,177,236,82,280,362,430,116,29,165,156,1241,116,105,12.9,15,0,0,2.9,0,0,1,0,0,1.949716618,0.205395054,22416816.25
122,123,10,Eric Gordon,SG,75,215,10,30,68,53,2158,384,938,216,600,168,338,119,152,17,131,148,129,41,27,90,143,1103,108,115,18.3,7,0,0,0.4,0,0,0,0,1,0.729322628,0.125163581,13660353.26
123,124,10,Ersan İlyasova,PF,81,235,10,31,67,7,1231,167,381,58,160,109,221,61,74,94,208,302,52,32,20,48,172,453,112,106,13.8,4,1,0,-0.1,0,1,0,0,0,0.334144841,0.06306639,6883065.825
124,125,10,Evan Fournier,SG,79,205,6,26,81,81,2553,468,1069,153,450,315,619,137,170,38,220,258,295,71,12,154,225,1226,104,111,15.7,12,2,0,-0.3,0,0,0,0,1,0.948436711,0.112668373,12296626.2
125,126,10,Evan Turner,PG,78,220,8,30,73,2,1605,204,443,11,52,193,391,75,106,37,291,328,283,33,18,114,110,494,105,111,10.2,9,0,0,0.3,0,0,1,0,0,0.398176151,0.072776853,7942865.733
126,127,10,Frank Jackson,PG,75,205,0,20,61,16,1169,194,447,53,169,141,278,54,73,25,109,134,69,25,2,48,92,495,102,117,12.8,9,0,0,-0.8,0,0,1,0,0,0.281052042,0.034803014,3798400.91
127,128,10,Frank Kaminsky,C,85,240,3,25,47,0,755,138,298,50,139,88,159,79,107,39,124,163,63,12,12,41,68,405,115,114,14.7,4,0,0,0.4,1,0,0,0,0,0.260682475,0.058340656,6367299.212
128,129,10,Frank Mason,PG,71,190,1,24,38,0,435,71,169,14,64,57,105,39,57,6,37,43,84,16,4,36,34,195,102,114,14.5,0,0,0,-0.1,0,0,1,0,0,0.211295328,0.021269124,2321312.195
129,130,10,Frank Ntilikina,PG,76,190,1,20,43,16,904,95,282,33,115,62,167,23,30,12,75,87,121,30,14,56,104,246,88,115,16.6,2,1,0,-0.9,0,0,1,0,0,0.175809568,0.035545239,3879407.429
130,131,10,Fred VanVleet,PG,73,195,2,24,64,28,1760,246,600,112,296,134,304,97,115,21,146,167,307,57,20,82,110,701,114,110,16.6,0,1,0,1.1,0,0,1,0,0,0.676471667,0.049825131,5437914.804
131,132,10,Furkan Korkmaz,SG,79,190,1,21,48,7,679,98,245,47,144,51,101,36,44,16,91,107,52,29,2,25,62,279,108,110,18.5,8,3,0,0,0,0,0,0,1,0.208482452,0.022760009,2484027.394
414,415,10,Garrett Temple,SG,77,195,8,32,75,55,2040,208,493,90,264,118,229,80,107,28,188,216,106,76,30,70,204,586,209,222,16.6,12,0,0,-0.4,0,0,0,0,1,0.517725462,0.040308216,4399238.704
132,133,10,Gary Clark,PF,78,225,0,24,51,2,641,50,151,41,138,9,13,7,7,24,92,116,18,20,26,7,47,148,108,110,23.5,2,0,0,0.2,0,1,0,0,0,0.180810416,0.023381734,2551882.446
133,134,10,Gary Harris,SG,76,205,4,24,57,48,1639,270,637,82,242,188,395,115,144,41,119,160,127,55,19,68,113,737,108,111,13.6,27,1,0,0.2,0,0,0,0,1,0.634851297,0.089309753,9747266.474
134,135,10,Gary Trent,SG,77,209,0,20,15,1,111,16,50,5,21,11,29,3,7,1,10,11,5,1,2,4,4,40,81,115,17.7,0,0,0,-0.2,0,0,0,0,1,0.141679075,0.026054397,2843576.912
415,416,10,George Hill,PG,75,188,10,32,60,13,1302,170,376,48,153,122,223,70,85,39,109,148,135,52,8,51,102,458,228,227,14.2,4,1,0,0.2,0,0,1,0,0,0.381261551,0.047339985,5166685.917
135,136,10,Georges Niang,PF,79,230,2,25,59,0,516,86,181,43,105,43,76,20,24,11,76,87,35,10,6,23,57,235,115,108,16.7,1,0,0,0.3,0,1,0,0,0,0.178076079,0.030101582,3285286.648
136,137,10,Gerald Green,SG,78,205,11,33,73,0,1473,231,578,156,441,75,137,57,68,30,152,182,40,33,27,55,126,675,107,113,20.9,10,1,0,0.1,0,0,0,0,1,0.505575046,0.04272159,4662634.339
137,138,10,Giannis Antetokounmpo,PF,83,242,5,24,72,72,2358,721,1247,52,203,669,1044,500,686,159,739,898,424,92,110,268,232,1994,121,99,7.7,279,1,0,7.4,0,1,0,0,0,4.152751498,0.243377087,26562175.22
138,139,10,Glenn Robinson,SF,78,222,4,25,47,18,610,74,176,18,62,56,114,32,40,17,54,71,21,14,8,18,45,198,104,112,13.6,8,0,0,-0.2,0,0,0,1,0,0.171476278,0.029761161,3248133.064
139,140,10,Goran Dragić,PG,75,190,10,32,36,22,991,179,433,57,164,122,269,79,101,20,91,111,174,30,5,71,81,494,106,111,13.8,0,0,0,0.2,0,0,1,0,0,0.305020597,0.117904172,12868061.28
140,141,10,Gordon Hayward,PF,79,207,8,28,72,18,1863,296,635,77,231,219,404,156,187,51,271,322,244,62,23,105,104,825,114,109,14.6,24,0,0,1.3,0,1,0,0,0,1.008295786,0.093590168,10214430.91
141,142,10,Gorgui Dieng,C,73,252,5,29,76,2,1031,189,377,19,56,170,321,88,106,81,230,311,72,48,41,57,134,485,114,108,12.8,28,3,0,0.7,1,0,0,0,0,0.432210299,0.050730038,5536676.344
142,143,10,Grayson Allen,SG,76,198,0,23,38,2,416,67,178,32,99,35,79,45,60,3,20,23,25,6,6,33,47,211,95,111,17.5,6,1,0,-0.5,0,0,0,0,1,0.151841774,0.018051849,1970178.798
144,145,10,Guerschon Yabusele,PF,80,260,1,23,41,1,251,35,77,9,28,26,49,15,22,23,30,53,15,8,7,15,32,94,108,109,12.4,2,0,0,0,0,1,0,0,0,0.171476278,0.02060154,2248452.056
145,146,10,Hamidou Diallo,SG,77,202,0,20,51,3,526,75,165,4,24,71,141,36,59,38,59,97,17,21,10,23,77,190,103,108,6.3,22,0,0,-0.3,0,0,0,0,1,0.171476278,0.031461312,3433687.635
416,417,10,Harrison Barnes,SF,80,225,6,26,77,77,2533,431,1027,174,441,257,586,229,278,57,304,361,115,50,13,98,122,1265,221,227,14.9,28,2,0,0.4,0,0,0,1,0,1.676110769,0.112380627,12265221.63
146,147,10,Harry Giles,PF,83,240,0,20,58,0,820,175,348,0,6,175,342,58,91,66,156,222,85,31,22,73,150,408,102,109,7.1,37,1,0,-0.2,0,1,0,0,0,0.275411797,0.03423692,3736617.442
147,148,10,Hassan Whiteside,C,85,235,6,29,72,53,1674,388,680,2,16,386,664,109,243,257,560,817,56,46,136,97,192,887,112,99,4.8,151,0,0,1.8,1,0,0,0,0,1.551326308,0.201213121,21960400.08
148,149,10,Henry Ellenson,PF,73,240,2,22,17,0,234,35,85,15,34,20,51,17,23,5,52,57,15,7,2,9,25,102,107,112,13.5,0,0,0,0,0,1,0,0,0,0.171476278,0.029833621,3256041.446
149,150,10,Ian Clark,SG,75,175,5,27,60,6,973,151,383,66,202,85,181,33,37,13,76,89,94,22,8,58,95,401,98,116,17.6,0,0,0,-0.8,0,0,0,0,1,0.208851921,0.048460071,5288932.14
150,151,10,Ian Mahinmi,C,83,262,10,32,34,6,498,47,104,3,16,44,88,42,61,48,80,128,25,25,16,21,84,139,113,111,6.8,10,0,0,-0.1,1,0,0,0,0,0.197572915,0.055604942,6068723.371
417,418,10,Iman Shumpert,SG,77,215,7,28,62,41,1481,167,446,95,273,72,173,36,45,27,156,183,112,59,24,50,127,465,201,224,20.4,1,1,0,0,0,0,0,0,1,0.425954654,0.060944825,6651518.222
151,152,10,Isaac Bonga,PG,80,180,0,19,22,0,120,5,33,0,8,5,25,9,15,9,16,25,15,9,4,6,9,19,73,105,11.2,0,0,0,-0.1,0,0,1,0,0,0.141679075,0.022650954,2472125.101
152,153,10,Isaiah Briscoe,PG,75,215,0,22,39,0,559,55,138,11,34,44,104,15,26,5,69,74,87,11,2,31,66,136,96,111,12.9,2,0,0,-0.4,0,0,1,0,0,0.171335427,0.019521045,2130526.834
153,154,10,Isaiah Canaan,PG,73,201,5,27,19,15,503,51,129,25,72,26,57,15,20,5,44,49,62,12,0,29,46,142,100,119,16.9,0,0,0,-0.3,0,0,1,0,0,0.201132629,0.073163115,7985022.367
154,155,10,Isaiah Hartenstein,PF,85,249,0,20,28,0,221,20,41,2,6,18,35,11,14,21,26,47,15,7,12,13,56,53,114,109,5.4,8,0,0,-0.1,0,1,0,0,0,0.178076079,0.021267643,2321150.538
155,156,10,Isaiah Thomas,SG,69,185,7,29,12,0,181,34,99,12,43,22,56,17,27,5,8,13,23,5,1,18,17,97,88,113,14.8,0,0,0,-0.2,0,0,0,0,1,0.141679075,0.044053232,4807969.704
156,157,10,Ish Smith,PG,73,175,8,30,56,0,1251,205,489,44,135,161,354,47,62,23,122,145,203,28,11,61,109,501,105,112,13.7,0,4,0,0,0,0,1,0,0,0.312116079,0.05265279,5746525.523
157,158,10,Ivan Rabb,PF,73,220,1,21,49,13,721,116,212,3,15,113,197,49,69,70,136,206,54,17,14,35,90,284,117,109,7.6,22,0,0,0.1,0,1,0,0,0,0.232409353,0.024725209,2698509.26
418,419,10,Ivica Zubac,C,85,240,2,21,59,37,1040,212,379,0,0,212,379,101,126,115,247,362,63,14,51,70,137,525,233,217,3.4,82,0,0,0.4,1,0,0,0,0,0.410467823,0.042215812,4607433.676
158,159,10,J.J. Barea,PG,61,185,12,34,38,0,752,161,385,38,128,123,257,55,78,13,82,95,211,22,1,72,50,415,105,113,14.1,0,0,0,0.3,0,0,1,0,0,0.248379735,0.051701179,5642666.684
159,160,10,J.J. Redick,SG,75,200,12,34,76,63,2379,452,1027,240,605,212,422,228,255,20,166,186,206,32,17,101,129,1372,118,115,20.9,0,0,0,1.3,0,0,0,0,1,1.559584155,0.143377034,15648169.49
160,161,10,J.R. Smith,SG,78,225,14,33,11,4,222,27,79,12,39,15,40,8,10,0,18,18,21,11,3,11,19,74,91,116,20.4,0,0,0,-0.1,0,0,0,0,1,0.141679075,0.037225976,4062843.058
420,421,10,Jabari Parker,PF,80,245,4,23,64,17,1724,369,749,61,195,308,554,131,184,79,342,421,152,46,30,151,145,930,205,225,11.65,88,1,0,0.2,0,1,0,0,0,0.820008653,0.130486359,14241281.22
163,164,10,Jacob Evans,SG,76,210,0,21,30,1,204,18,53,4,15,14,38,0,1,6,19,25,23,5,3,11,28,40,85,113,16.1,1,0,0,-0.3,0,0,0,0,1,0.141679075,0.021631148,2360823.439
164,165,10,Jae Crowder,SF,78,235,6,28,80,11,2166,318,797,173,522,145,275,142,197,60,324,384,133,64,31,85,170,951,107,107,18.7,22,4,0,1.2,0,0,0,1,0,0.951239358,0.098063518,10702652.34
165,166,10,Jahlil Okafor,C,73,275,3,23,59,24,935,212,362,1,5,211,357,59,89,82,196,278,40,15,40,52,96,484,115,112,4.6,39,0,0,0.1,1,0,0,0,0,0.361014853,0.053268489,5813722.879
161,162,10,JaKarr Sampson,SF,79,215,3,25,4,0,127,29,54,5,14,24,40,17,21,5,27,32,4,4,3,4,8,80,123,111,11.3,2,0,0,0.2,0,0,0,1,0,0.178076079,0.181807728,19842495.44
166,167,10,Jake Layman,SF,80,209,2,24,71,33,1327,216,424,59,181,157,243,50,71,56,161,217,53,31,30,46,116,541,118,112,13.3,58,0,0,0.5,0,0,0,1,0,0.381896056,0.04036862,4405831.158
168,169,10,Jalen Brunson,PG,73,190,0,22,73,38,1591,264,565,63,181,201,384,87,120,25,144,169,230,37,4,88,127,678,110,114,13.3,4,0,0,0.1,0,0,1,0,0,0.605600341,0.024154002,2636167.764
170,171,10,Jamal Crawford,SG,77,185,18,38,64,0,1211,174,438,67,202,107,236,93,110,8,77,85,229,33,12,99,75,508,102,119,19.6,0,2,0,-0.6,0,0,0,0,1,0.299262138,0.045155967,4928322.2
171,172,10,Jamal Murray,PG,76,201,2,21,75,74,2447,513,1173,152,414,361,759,189,223,65,252,317,363,67,27,158,153,1367,110,111,15.1,25,2,0,1.6,0,0,1,0,0,1.173719672,0.054687989,5968647.086
421,422,10,James Ennis,SF,78,210,4,28,58,27,1230,138,294,55,156,83,138,58,81,60,122,182,41,41,23,34,150,389,232,224,13.75,22,0,0,0.2,0,0,0,1,0,0.269130281,0.055230506,6027857.405
172,173,10,James Harden,PG,77,220,9,29,78,78,2867,843,1909,378,1028,465,881,754,858,66,452,518,586,158,58,387,244,2818,118,108,16.4,20,1,0,9.3,0,0,1,0,0,4.146163968,0.302704844,33037206.68
173,174,10,James Johnson,PF,79,240,9,31,55,33,1164,164,379,50,149,114,230,50,70,22,154,176,135,35,27,74,114,428,102,108,13.2,23,3,0,0.2,0,1,0,0,0,0.272967775,0.058227881,6354990.972
419,420,10,JaMychal Green,PF,80,227,4,28,65,6,1371,230,476,71,176,159,300,80,101,104,305,409,50,45,34,87,193,611,218,215,13.5,37,0,0,0.2,0,1,0,0,0,0.56107172,0.071954449,7853108.532
174,175,10,Jared Dudley,PF,78,237,11,33,59,25,1220,101,239,53,151,48,88,32,46,34,121,155,83,36,16,43,131,287,110,111,18.2,0,0,0,0.1,0,1,0,0,0,0.257000844,0.049766671,5431534.437
176,177,10,Jarell Martin,PF,73,239,3,24,42,1,328,43,104,20,57,23,47,9,11,11,62,73,18,3,8,11,51,115,105,109,18.4,7,0,0,-0.2,0,1,0,0,0,0.171476278,0.02442327,2665555.701
177,178,10,Jaren Jackson,PF,83,242,0,19,58,56,1515,298,589,51,142,247,447,151,197,73,199,272,64,52,82,98,220,798,108,107,9.9,57,0,0,0.7,0,1,0,0,0,1.237043508,0.048449724,5287802.896
179,180,10,Jarrett Allen,C,83,237,1,20,80,80,2096,335,568,6,45,329,523,197,278,191,481,672,110,43,120,103,184,873,123,106,4.3,170,0,0,1.9,1,0,0,0,0,1.575678104,0.03697111,4035026.997
162,163,10,JaVale McGee,C,85,270,10,31,75,62,1671,400,641,1,12,399,629,96,152,195,371,566,52,47,148,108,208,897,117,104,4,201,1,0,1.4,1,0,0,0,0,1.409382483,0.147385132,16085613.26
181,182,10,Jaylen Adams,PG,74,190,0,22,34,1,428,38,110,25,74,13,36,7,9,11,49,60,65,14,5,28,45,108,99,115,20.2,0,1,0,-0.2,0,0,1,0,0,0.181674332,0.019216967,2097339.746
182,183,10,Jaylen Brown,SG,78,223,2,22,74,25,1913,368,792,95,276,273,516,133,202,65,248,313,100,69,32,99,186,964,104,109,12.8,43,0,0,0,0,0,0,0,1,0.67496859,0.04875351,5320958.055
183,184,10,Jayson Tatum,SF,80,204,1,20,79,79,2455,466,1036,116,311,350,725,195,228,70,407,477,168,84,57,122,168,1243,107,107,13.6,68,0,0,1.1,0,0,0,1,0,1.498272814,0.047571074,5191906.985
184,185,10,Jeff Green,PF,80,235,10,32,77,44,2097,326,687,111,320,215,367,183,206,57,252,309,137,43,39,101,160,946,115,116,15.9,39,4,0,0.3,0,1,0,0,0,0.736282716,0.085111973,9289120.708
185,186,10,Jeff Teague,PG,75,195,9,30,42,41,1264,176,416,35,105,141,311,123,153,16,90,106,343,43,18,97,90,510,112,116,11.7,8,0,0,0.5,0,0,1,0,0,0.35661596,0.11923365,13013160.51
186,187,10,Jemerrio Jones,SF,77,174,0,23,6,2,143,12,33,2,10,10,23,1,2,16,33,49,13,7,5,5,10,27,102,105,10.5,1,0,0,0.1,0,0,0,1,0,0.171476278,0.023111689,2522409.734
187,188,10,Jerami Grant,PF,80,214,4,24,80,77,2612,409,823,115,293,294,530,157,221,96,321,417,79,61,100,67,214,1090,119,108,11.4,101,2,0,1.5,0,1,0,0,0,1.250281612,0.142020009,15500063.81
188,189,10,Jeremy Lamb,SG,77,185,6,26,79,55,2250,431,979,115,330,316,649,231,260,65,369,434,172,88,32,80,140,1208,113,111,13.5,19,1,1,1.8,0,0,0,0,1,1.695043842,0.118659185,12950463.4
422,423,10,Jeremy Lin,PG,75,200,8,30,74,4,1436,238,541,55,187,183,354,176,210,22,157,179,231,47,13,124,144,707,208,225,13.45,0,1,0,-0.1,0,0,1,0,0,0.761850892,0.054807295,5981668.146
189,190,10,Jerian Grant,PG,76,205,3,26,60,1,939,92,220,40,110,52,110,26,40,19,79,98,156,44,6,51,78,250,108,109,18.3,1,0,0,0.1,0,0,1,0,0,0.237351789,0.031972924,3489524.92
190,191,10,Jerome Robinson,SG,76,190,0,21,33,0,320,44,110,18,57,26,53,6,9,3,38,41,19,11,3,13,46,112,96,112,18.3,1,2,0,-0.2,0,0,0,0,1,0.141679075,0.020838558,2274320.188
191,192,10,Jerryd Bayless,PG,75,200,10,30,34,6,657,82,230,29,98,53,132,16,28,11,51,62,119,18,2,32,56,209,98,117,17.1,0,1,0,-0.4,0,0,1,0,0,0.181674332,0.046184485,5040574.661
192,193,10,Jevon Carter,PG,73,195,0,23,39,3,577,56,185,34,102,22,83,26,32,14,52,66,69,26,11,33,55,172,90,109,19,1,2,0,-0.3,0,0,1,0,0,0.171335427,0.018253474,1992184.198
423,424,10,Jimmy Butler,SG,79,230,7,29,65,65,2185,418,904,67,193,351,711,312,365,121,221,342,263,123,39,95,111,1215,242,220,11.9,69,1,0,3.2,0,0,0,0,1,2.835285673,0.223150199,24354612.69
193,194,10,Joakim Noah,C,83,230,11,33,42,1,693,110,213,0,1,110,212,78,109,58,180,238,89,20,31,50,96,298,113,105,3.9,41,1,0,0.7,1,0,0,0,0,0.332155919,0.061078581,6666116.322
194,195,10,Jodie Meeks,SG,76,210,9,31,8,0,104,21,39,8,18,13,21,1,1,1,11,12,8,1,1,2,5,51,127,112,15.3,0,0,0,0.1,0,0,0,0,1,0.178076079,0.034442461,3759050.199
195,196,10,Joe Harris,SG,78,220,4,27,76,76,2293,374,748,183,386,191,362,110,133,52,239,291,181,38,17,121,182,1041,119,113,15.3,1,0,0,1.4,0,0,0,0,1,0.746872358,0.109361556,11935720.18
196,197,10,Joe Ingles,PF,79,226,4,31,82,82,2568,359,802,189,483,170,319,87,123,35,295,330,469,98,20,193,180,994,110,107,17.3,3,2,0,2.2,0,1,0,0,0,1.126863171,0.117768858,12853293.21
197,198,10,Joel Embiid,C,85,250,2,24,64,64,2154,580,1199,79,263,501,936,522,649,160,711,871,234,46,122,226,211,1761,114,104,11,106,2,0,3.8,1,0,0,0,0,3.485319863,0.135147513,14749999.59
198,199,10,John Collins,PF,81,235,1,21,61,59,1829,465,831,55,158,410,673,203,266,219,376,595,121,22,39,120,199,1188,122,115,7.6,157,2,0,1.3,0,1,0,0,0,1.156197386,0.05850858,6385626.445
200,201,10,John Jenkins,SG,76,215,5,27,22,0,319,40,103,20,56,20,47,15,18,6,30,36,21,0,2,9,10,115,107,119,20.6,0,0,0,-0.2,0,0,0,0,1,0.171476278,0.028102538,3067111.049
201,202,10,John Wall,PG,76,210,8,28,32,32,1104,245,552,51,169,194,383,122,175,15,101,116,279,49,29,121,71,663,104,114,12.9,14,0,0,0.8,0,0,1,0,0,0.587131997,0.214527359,23413515.92
204,205,10,Jon Leuer,PF,73,228,7,29,41,1,402,66,113,1,11,65,102,23,31,27,70,97,14,12,4,23,60,156,113,109,8.4,9,0,0,0,0,1,0,0,0,0.178076079,0.044489738,4855609.96
205,206,10,Jonah Bolden,PF,80,220,0,23,44,10,639,80,162,34,96,46,66,13,27,47,118,165,40,17,39,36,99,207,111,107,16.3,13,0,0,0.2,0,1,0,0,0,0.187410216,0.021255754,2319852.992
206,207,10,Jonas Jerebko,PF,73,231,8,31,73,6,1218,163,355,69,188,94,167,64,80,72,216,288,96,27,18,43,137,459,120,111,16.7,14,1,1,0.4,0,1,0,0,0,0.344597577,0.055292963,6034673.983
424,425,10,Jonas Valančiūnas,C,83,265,6,26,49,27,1091,301,538,14,48,287,490,147,185,106,313,419,70,19,53,90,146,763,230,208,7,39,0,0,1.2,1,0,0,0,0,0.875134853,0.190668515,20809561.75
207,208,10,Jonathan Isaac,PF,83,210,1,21,75,64,1996,262,611,86,266,176,345,110,135,99,312,411,80,59,98,75,143,720,107,106,14.7,48,1,0,0.8,0,1,0,0,0,1.0094462,0.03946531,4307243.886
425,426,10,Jonathon Simmons,SG,78,195,3,29,56,9,1064,133,350,28,104,105,246,72,97,27,99,126,128,29,15,68,89,366,203,221,13.25,13,3,0,-0.6,0,0,0,0,1,0.273245152,0.030838751,3365741.25
208,209,10,Jordan Bell,C,80,216,1,24,68,3,788,99,192,0,2,99,190,25,41,55,129,184,76,20,51,42,80,223,109,108,8.1,32,1,0,0.2,1,0,0,0,0,0.226255507,0.026728903,2917192.43
209,210,10,Jordan Clarkson,SG,76,194,4,26,81,0,2214,529,1180,144,445,385,735,162,192,82,188,270,196,57,13,135,112,1364,107,119,14.7,16,1,0,0.8,0,0,0,0,1,1.050219038,0.108992376,11895427.96
210,211,10,Jordan McRae,SG,77,179,2,27,27,0,333,61,130,10,35,51,95,28,35,6,34,40,30,13,7,15,26,160,109,114,14.7,3,1,0,0,0,0,0,0,1,0.178076079,0.024945127,2722511.195
215,216,10,José Calderón,PG,75,200,13,37,49,0,632,45,120,14,57,31,63,9,11,11,49,60,115,16,3,35,64,113,102,112,19.1,0,1,0,-0.3,0,0,1,0,0,0.201132629,0.031525375,3440679.398
211,212,10,Josh Hart,SG,77,215,1,23,67,22,1715,189,464,92,274,97,190,55,80,35,213,248,93,64,40,58,147,525,103,110,17,16,0,0,0.3,0,0,0,0,1,0.500995644,0.025997017,2837314.442
212,213,10,Josh Jackson,SG,80,207,1,21,79,29,1988,347,841,73,225,274,616,143,213,66,281,347,183,74,56,173,209,910,91,114,11.7,50,2,0,-1.3,0,0,0,0,1,0.816024721,0.039203569,4278677.537
213,214,10,Josh Okogie,SG,76,212,0,20,74,52,1757,196,508,60,215,136,293,118,162,41,177,218,91,88,33,63,166,570,101,113,14,38,1,0,-0.5,0,0,0,0,1,0.480528487,0.038694169,4223081.634
214,215,10,Josh Richardson,SG,77,200,3,25,73,73,2539,423,1026,164,460,259,566,199,231,54,209,263,298,79,34,113,200,1209,111,110,16.5,25,0,0,1.5,0,0,0,0,1,1.056993679,0.132776394,14491215.69
216,217,10,Jrue Holiday,SG,75,205,9,28,67,67,2402,547,1159,118,363,429,796,208,271,75,259,334,518,109,54,210,148,1420,111,112,12.3,25,1,0,3.1,0,0,0,0,1,1.429570785,0.217641761,23753421.84
217,218,10,Juan Hernangómez,PF,81,220,2,23,70,25,1358,138,314,66,181,72,133,66,86,64,201,265,55,27,24,37,94,408,118,110,15.8,13,0,0,0.3,0,1,0,0,0,0.340700187,0.033165688,3619703.218
219,220,10,Julius Randle,PF,80,250,4,24,73,49,2232,571,1089,67,195,504,894,356,487,162,472,634,229,52,45,208,246,1565,113,112,8.3,78,0,0,2,0,1,0,0,0,2.554229362,0.199941529,21821618.48
220,221,10,Justin Anderson,SF,78,230,3,25,48,4,463,64,157,24,77,40,80,26,35,24,60,84,23,22,13,23,48,178,103,113,14.8,14,1,0,-0.1,0,0,0,1,0,0.171476278,0.030297506,3306669.827
426,427,10,Justin Holiday,SG,78,181,5,29,82,77,2607,300,777,162,465,138,312,95,106,46,277,323,146,121,36,104,164,857,199,222,18.55,30,2,0,0.1,0,0,0,0,1,0.84737989,0.078564649,8574545.742
427,428,10,Justin Jackson,SF,79,210,1,23,81,14,1614,217,485,87,245,130,240,62,79,44,168,212,96,32,14,29,99,583,235,229,16.1,5,2,0,0.1,0,0,0,1,0,0.42922336,0.021904567,2390664.395
221,222,10,Justise Winslow,SF,78,225,3,22,66,52,1959,324,749,96,256,228,493,86,137,63,292,355,282,72,19,142,177,830,102,108,13,16,1,0,0.7,0,0,0,1,0,0.743867913,0.132935031,14508529.33
222,223,10,Jusuf Nurkić,C,85,280,4,24,72,72,1974,420,826,3,29,417,797,282,365,243,505,748,233,71,103,168,250,1125,116,105,5.7,68,0,0,2.8,1,0,0,0,0,2.790461896,0.206109044,22494741.1
224,225,10,Karl-Anthony Towns,C,83,248,3,23,77,77,2545,681,1314,142,355,539,959,376,450,263,691,954,259,67,125,240,292,1880,118,108,11.4,105,1,0,5.1,1,0,0,0,0,3.666050821,0.228726854,24963248.87
225,226,10,Kawhi Leonard,SF,79,230,7,27,60,60,2040,560,1129,112,302,448,827,364,426,78,361,439,199,106,24,121,87,1596,119,105,13.3,54,0,0,4.7,0,0,0,1,0,3.478543013,0.284240714,31022031.52
226,227,10,Keita Bates-Diop,SF,80,229,0,23,30,3,503,60,142,13,52,47,90,18,28,16,67,83,17,18,14,14,29,151,100,113,13.2,5,1,0,-0.2,0,0,0,1,0,0.171476278,0.020934474,2284788.5
227,228,10,Kelly Olynyk,PF,83,240,5,27,79,36,1812,261,564,113,319,148,245,152,185,72,303,375,140,53,37,114,183,787,114,108,16.5,14,1,0,1.2,0,1,0,0,0,0.870385111,0.084793944,9254411.064
428,429,10,Kelly Oubre,SF,79,205,3,23,69,19,1935,375,842,108,338,267,504,189,244,71,254,325,84,84,59,103,181,1047,210,226,13.2,70,1,0,0.4,0,0,0,1,0,0.944729664,0.147512756,16099542.21
228,229,10,Kemba Walker,PG,73,172,7,28,82,82,2863,731,1684,260,731,471,953,380,450,52,309,361,484,102,34,211,131,2102,112,114,15.8,0,10,1,4.4,0,0,1,0,0,3.725619287,0.213497065,23301069.68
429,430,10,Kenneth Faried,C,80,220,7,29,37,13,728,156,265,8,25,148,240,64,99,97,153,250,20,17,23,33,82,384,246,216,4.95,56,1,0,0.4,1,0,0,0,0,0.245437083,0.106787997,11654841.99
229,230,10,Kenrich Williams,SF,78,210,0,24,46,29,1079,107,279,52,156,55,123,13,19,55,164,219,83,45,19,36,95,279,105,112,16.5,9,2,0,0,0,0,0,1,0,0.269197636,0.029311218,3199026.286
230,231,10,Kent Bazemore,SG,76,195,6,29,67,35,1643,278,691,96,300,182,391,127,175,37,224,261,152,89,42,121,170,779,98,112,15,15,4,0,-0.1,0,0,0,0,1,0.656696328,0.084632987,9236844.236
231,232,10,Kentavious Caldwell-Pope,SG,77,205,5,25,82,23,2035,325,756,151,435,174,321,137,158,48,190,238,110,73,13,65,137,938,113,112,18.3,17,1,0,0.8,0,0,0,0,1,0.819312409,0.077800948,8491195.469
232,233,10,Kevin Durant,SF,73,240,11,30,78,78,2702,721,1383,137,388,584,995,448,506,33,464,497,457,58,84,225,155,2027,121,110,14.9,114,0,0,5.1,0,0,0,1,0,3.601573634,0.296666973,32378233.42
233,234,10,Kevin Huerter,SG,79,190,0,20,75,59,2048,275,657,136,353,139,304,41,56,60,185,245,214,65,25,109,155,727,106,116,16.8,24,2,0,-0.2,0,0,0,0,1,0.609543377,0.039438481,4304315.844
234,235,10,Kevin Knox,PF,79,215,0,19,75,57,2158,338,914,125,364,213,550,162,226,61,274,335,82,43,24,114,175,963,93,116,15.2,18,0,0,-2,0,1,0,0,0,0.640628546,0.04641082,5065276.901
235,236,10,Kevin Love,PF,80,251,10,30,22,21,598,109,283,53,147,56,136,103,114,33,206,239,48,6,5,42,54,374,112,114,16.7,4,0,0,0.6,0,1,0,0,0,0.318803373,0.123499205,13478703.26
236,237,10,Kevon Looney,C,81,220,3,22,80,24,1481,217,347,1,10,216,337,65,105,194,223,417,123,46,53,51,211,500,135,109,4.7,105,1,0,0.9,1,0,0,0,0,0.44391733,0.086745435,9467396.809
237,238,10,Khem Birch,C,81,233,1,26,50,1,643,91,151,0,1,91,150,58,83,79,111,190,38,18,29,20,72,240,134,106,3.5,38,0,0,0.5,1,0,0,0,0,0.212671148,0.033743106,3682722.635
238,239,10,Khris Middleton,SF,79,222,6,27,77,77,2393,506,1148,179,474,327,674,216,258,50,411,461,331,80,7,174,172,1407,109,106,15.9,19,0,0,1.7,0,0,0,1,0,1.77110932,0.160549495,17522371.91
239,240,10,Khyri Thomas,SG,75,210,0,22,26,0,195,22,69,10,35,12,34,7,11,4,16,20,8,7,5,4,22,61,91,109,16.8,1,0,0,-0.2,0,0,0,0,1,0.141679075,0.020215756,2206347.655
240,241,10,Klay Thompson,SG,78,215,7,28,78,78,2652,655,1402,241,599,414,803,129,158,37,262,299,186,84,47,115,157,1680,110,112,17.7,24,0,0,1.2,0,0,0,0,1,1.438019481,0.178052878,19432691.05
241,242,10,Kosta Koufos,C,85,245,10,29,42,1,502,73,153,0,0,73,153,10,24,52,125,177,36,15,18,27,68,156,101,108,5.9,5,0,0,-0.2,1,0,0,0,0,0.180810416,0.061070638,6665249.393
242,243,10,Kris Dunn,PG,75,205,2,24,46,44,1389,215,506,34,96,181,410,55,69,19,168,187,277,68,21,104,166,519,99,112,11.6,13,0,0,-0.2,0,0,1,0,0,0.461013765,0.055284785,6033781.397
243,244,10,Kyle Anderson,SF,81,230,4,25,43,40,1281,150,276,9,34,141,242,37,64,48,203,251,128,54,37,58,112,346,110,107,7.9,2,0,0,0.9,0,0,0,1,0,0.442451277,0.107412337,11722982.41
430,431,10,Kyle Korver,SG,79,212,15,37,70,0,1334,201,483,138,348,63,135,60,73,9,153,162,81,25,12,59,106,600,221,229,22.4,0,0,0,0.5,0,0,0,0,1,0.384612491,0.042905043,4682656.357
244,245,10,Kyle Kuzma,PF,80,220,1,23,70,68,2314,496,1087,128,422,368,665,188,250,60,322,382,178,41,26,133,170,1308,106,112,13.3,58,1,0,0.4,0,1,0,0,0,1.014682951,0.045531783,4969338.794
245,246,10,Kyle Lowry,PG,73,196,12,32,65,65,2213,304,739,157,453,147,286,161,194,41,271,312,564,91,31,182,166,926,115,108,19,0,3,0,2.4,0,0,1,0,0,1.180532245,0.185890017,20288036.47
246,247,10,Kyle O'Quinn,C,81,250,6,28,45,3,371,69,136,1,12,68,124,17,21,29,90,119,56,9,25,31,68,156,106,102,12.3,3,0,0,0.2,1,0,0,0,0,0.23063913,0.03931193,4290504.065
247,248,10,Kyrie Irving,PG,74,195,7,26,67,67,2214,604,1241,174,434,430,807,214,245,71,264,335,464,103,34,172,167,1596,118,108,14.6,1,1,0,5.1,0,0,1,0,0,1.684901613,0.263933434,28805694.94
248,249,10,LaMarcus Aldridge,C,83,260,12,33,81,81,2687,684,1319,10,42,674,1277,349,412,251,493,744,194,43,107,144,179,1727,117,110,9.7,51,0,0,2.6,1,0,0,0,0,3.377360294,0.257905548,28147811.56
249,250,10,Lance Stephenson,SG,78,230,8,28,68,3,1123,184,432,73,197,111,235,50,73,32,183,215,140,41,7,86,111,491,101,110,16.6,5,4,0,0.1,0,0,0,0,1,0.337637652,0.053822767,5874216.795
250,251,10,Lance Thomas,PF,80,240,7,30,46,17,783,78,197,22,79,56,118,27,36,21,96,117,27,17,7,24,83,205,97,116,15.1,8,0,0,-0.7,0,1,0,0,0,0.141679075,0.048559772,5299813.494
431,432,10,Landry Shamet,SG,76,188,0,21,79,27,1802,240,557,167,396,73,161,75,93,21,113,134,117,37,10,45,155,722,239,230,20.55,6,0,0,0.1,0,0,0,0,1,0.603256323,0.028913935,3155666.886
251,252,10,Langston Galloway,SG,73,200,4,27,80,4,1745,228,587,135,380,93,207,81,96,49,122,171,85,37,8,24,135,672,115,113,19.5,0,0,0,0.2,0,0,0,0,1,0.546836191,0.051414592,5611388.563
252,253,10,Larry Nance,C,79,230,3,26,67,30,1795,249,479,33,98,216,381,96,134,168,384,552,214,100,40,97,192,627,120,112,9.5,82,1,0,2,1,0,0,0,0,0.865112362,0.113197718,12354398.91
253,254,10,Lauri Markkanen,PF,85,240,1,21,52,51,1682,342,795,120,332,222,463,170,195,74,396,470,75,37,33,85,122,974,107,112,15,31,2,0,0.7,0,1,0,0,0,0.861112343,0.050044287,5461833.518
254,255,10,LeBron James,SF,81,250,15,34,55,55,1937,558,1095,111,327,447,768,278,418,57,408,465,454,72,33,197,94,1505,114,108,12.3,85,0,0,4.9,0,0,0,1,0,2.765786722,0.34155971,37277826.79
255,256,10,Lonnie Walker,SG,77,205,0,20,17,0,118,16,46,5,13,11,33,8,10,0,17,17,9,7,3,4,7,45,93,107,14.4,0,0,0,0,0,0,0,0,1,0.141679075,0.019405424,2117907.97
256,257,10,Lonzo Ball,PG,78,190,1,21,47,45,1423,185,456,75,228,110,228,20,48,54,197,251,255,69,19,103,114,465,100,109,15.4,25,2,0,0.6,0,0,1,0,0,0.45095188,0.042837074,4675238.218
257,258,10,Lorenzo Brown,PG,77,189,4,28,26,0,212,23,71,6,28,17,43,3,3,5,26,31,28,12,5,16,22,55,82,105,14.3,2,2,0,-0.1,0,0,1,0,0,0.141679075,0.028650171,3126879.674
258,259,10,Lou Williams,SG,73,175,13,32,75,1,1993,484,1138,105,291,379,847,425,485,40,182,222,402,57,11,181,80,1498,112,114,13.7,4,0,0,2.1,0,0,0,0,1,2.310454035,0.116942207,12763072.5
259,260,10,Luka Dončić,SG,79,218,0,19,72,72,2318,506,1186,168,514,338,672,346,485,86,477,563,429,77,25,247,137,1526,107,109,15.5,25,14,1,3.4,0,0,0,0,1,2.26930647,0.080442661,8779511.984
260,261,10,Luke Kennard,SG,77,206,1,22,63,10,1437,228,520,106,269,122,251,51,61,12,171,183,114,26,10,57,92,613,110,112,18.9,1,2,0,0.3,0,0,0,0,1,0.505389745,0.028848883,3148567.081
261,262,10,Luke Kornet,PF,86,240,1,23,46,18,784,107,283,70,193,37,90,38,46,28,107,135,54,27,42,25,41,322,110,111,20,9,0,0,0.8,0,1,0,0,0,0.246085051,0.022039738,2405417.022
262,263,10,Luol Deng,SF,81,237,14,33,22,2,392,59,118,14,44,45,74,25,35,20,53,73,18,15,8,14,24,157,117,113,12.9,4,1,0,0.2,0,0,0,1,0,0.178076079,0.050971277,5563005.164
264,265,10,Malcolm Brogdon,SG,77,229,2,26,64,64,1832,378,748,104,244,274,504,141,152,65,223,288,205,46,13,91,102,1001,121,108,10.8,6,0,0,1.9,0,0,0,0,1,0.936607918,0.080620165,8798884.772
265,266,10,Malik Beasley,SG,76,198,2,22,81,18,1879,349,737,163,405,186,332,56,66,35,165,200,97,55,10,55,116,917,117,112,16.8,45,1,0,1,0,0,0,0,1,0.675305361,0.038829137,4237812.041
266,267,10,Malik Monk,SG,75,200,1,20,73,0,1258,227,586,109,330,118,256,90,102,16,121,137,117,37,19,86,106,653,99,114,17.9,21,6,0,-0.3,0,0,0,0,1,0.439781852,0.034200122,3732601.276
432,433,10,Marc Gasol,C,83,255,10,34,79,72,2436,390,870,99,273,291,597,192,253,80,547,627,349,84,86,155,217,1071,222,210,14,23,0,0,3.1,1,0,0,0,0,1.249837952,0.093785186,10235715.25
268,269,10,Marcin Gortat,C,83,240,11,34,47,43,751,99,186,0,0,99,186,35,48,67,194,261,65,6,24,50,92,233,110,110,4.9,9,0,0,0.1,1,0,0,0,0,0.29519321,0.061290943,6689293.513
269,270,10,Marco Belinelli,SG,77,210,11,32,79,1,1815,285,690,147,395,138,295,112,124,16,182,198,132,35,8,72,121,829,109,114,19.7,2,4,0,0.1,0,0,0,0,1,0.612146621,0.055828498,6093122.292
270,271,10,Marcus Morris,PF,80,235,7,29,75,53,2091,377,844,146,389,231,455,146,173,76,382,458,109,43,25,92,181,1046,110,109,16.6,13,4,0,0.6,0,1,0,0,0,0.871894838,0.110733722,12085478.46
271,272,10,Marcus Smart,SG,75,227,4,24,80,60,2200,239,567,126,346,113,221,104,129,57,177,234,321,143,28,123,201,708,113,107,18.1,12,0,0,1.5,0,0,0,0,1,0.972331407,0.097807145,10674671.79
272,273,10,Mario Hezonja,SF,80,201,3,23,58,24,1206,191,464,42,152,149,312,87,114,28,211,239,88,57,8,88,110,511,94,112,12.8,19,0,0,-0.5,0,0,0,1,0,0.412536121,0.056089745,6121634.76
433,434,10,Markieff Morris,PF,80,245,7,29,58,16,1270,204,484,68,203,136,281,71,92,61,204,265,79,36,22,54,175,547,212,222,14.25,15,1,0,-0.3,0,1,0,0,0,0.395846778,0.058615257,6397269.128
434,435,10,Marquese Chriss,PF,81,240,2,21,43,2,499,67,180,16,72,51,108,32,45,40,102,142,22,17,11,36,81,182,171,223,12.15,24,0,0,-0.7,0,1,0,0,0,0.178076079,0.03453955,3769646.507
274,275,10,Marvin Bagley,PF,83,240,0,19,62,4,1567,356,706,30,96,326,610,181,262,162,309,471,62,33,59,98,120,923,111,110,8.7,75,1,0,0.4,0,1,0,0,0,0.920390588,0.047960068,5234361.822
275,276,10,Marvin Williams,PF,80,237,13,32,75,75,2133,275,652,140,382,135,270,66,86,76,331,407,92,71,61,47,156,756,112,111,17.2,8,1,0,0.9,0,1,0,0,0,0.731906643,0.099421138,10850823.04
276,277,10,Mason Plumlee,C,83,238,5,28,82,17,1731,262,442,2,10,260,432,111,198,165,359,524,243,66,76,126,252,637,117,105,4.6,117,3,0,1.8,1,0,0,0,0,1.131950647,0.115585647,12615017.53
277,278,10,Matthew Dellavedova,PG,75,200,5,28,36,0,715,92,223,40,119,52,104,38,48,6,61,67,152,12,2,57,66,262,107,121,18,0,4,0,-0.4,0,0,1,0,0,0.201132629,0.052047615,5680476.731
278,279,10,Maurice Harkless,SF,79,220,6,25,60,53,1415,189,388,33,120,156,268,49,73,77,192,269,74,67,53,45,163,460,114,108,9.7,66,2,0,1,0,0,0,1,0,0.460290322,0.072511414,7913895.739
279,280,10,Maxi Kleber,PF,73,240,1,27,71,18,1502,175,386,77,218,98,168,58,74,90,239,329,70,36,78,54,143,485,115,109,16.3,42,0,0,0.9,0,1,0,0,0,0.393477226,0.035049935,3825349.9
280,281,10,Meyers Leonard,C,85,260,6,26,61,2,878,132,242,50,111,82,131,43,51,49,184,233,75,13,9,43,105,357,129,111,14.5,48,1,0,0.8,1,0,0,0,0,0.316997823,0.051472154,5617670.873
435,436,10,Michael Carter-Williams,PG,77,190,5,27,28,1,372,46,123,10,38,36,85,32,53,19,51,70,70,20,15,20,48,134,210,213,11.05,3,0,0,0.3,0,0,1,0,0,0.20773243,0.06880712,7509609.096
282,283,10,Michael Kidd-Gilchrist,PF,78,232,6,25,64,3,1179,158,332,16,47,142,285,95,123,88,158,246,61,32,39,43,156,427,115,112,9,12,3,0,-0.1,0,1,0,0,0,0.310793938,0.067314721,7346728.694
283,284,10,Mikal Bridges,SF,78,210,0,22,82,56,2417,242,563,105,313,137,250,95,118,56,208,264,173,129,38,70,201,684,112,115,15.6,25,1,0,0.3,0,0,0,1,0,0.762029995,0.023419818,2556038.976
284,285,10,Mike Conley,PG,73,175,11,31,70,70,2342,490,1120,155,426,335,694,343,406,40,199,239,449,94,22,130,123,1478,117,111,15.3,0,3,0,3.9,0,0,1,0,0,2.727778702,0.236017871,25758990.49
436,437,10,Mike Muscala,PF,73,240,5,27,64,10,1306,145,361,89,256,56,105,70,85,57,187,244,76,22,38,48,130,449,229,222,20.05,5,1,0,0.3,0,1,0,0,0,0.317143021,0.046062016,5027208.466
437,438,10,Mike Scott,PF,79,237,6,30,79,3,1395,168,420,101,252,67,168,22,33,43,233,276,66,26,13,44,156,459,211,224,18.55,5,3,0,-0.2,0,1,0,0,0,0.273123637,0.060259949,6576770.822
285,286,10,Miles Bridges,SF,78,225,0,20,80,25,1696,237,511,65,200,172,311,58,77,67,256,323,95,55,49,50,111,597,111,112,12.8,71,8,0,0.5,0,0,0,1,0,0.536946458,0.031352924,3421858.083
286,287,10,Miles Plumlee,C,83,249,6,30,18,0,173,32,48,0,0,32,48,16,30,16,23,39,17,6,4,10,14,80,125,114,3.4,14,0,0,0.2,1,0,0,0,0,0.178076079,0.034276182,3740902.47
287,288,10,Miloš Teodosić,PG,77,196,1,31,15,0,150,17,40,10,27,7,13,4,7,3,13,16,32,3,1,21,27,48,94,115,21.2,0,1,0,-0.1,0,0,1,0,0,0.141679075,0.024152525,2636006.626
288,289,10,Mitchell Robinson,C,85,223,0,20,66,19,1360,202,291,0,0,202,291,81,135,177,246,423,37,52,161,35,217,485,140,106,1.5,128,0,0,1.6,1,0,0,0,0,0.44916735,0.033891844,3698955.846
289,290,10,Mohamed Bamba,C,85,241,0,20,47,1,766,117,243,21,70,96,173,37,63,64,169,233,39,13,64,43,102,292,105,103,12.5,34,1,0,0.1,1,0,0,0,0,0.28214621,0.030518245,3330761.295
290,291,10,Monte Morris,PG,74,175,1,23,82,6,1970,346,702,94,227,252,475,65,81,35,159,194,297,73,4,52,102,851,124,111,14,2,1,0,1.7,0,0,1,0,0,0.779610654,0.03564199,3889966.817
291,292,10,Montrezl Harrell,C,79,240,3,25,82,5,2158,546,888,3,17,543,871,266,414,184,351,535,162,71,110,132,255,1361,122,109,3.9,203,3,0,2.9,1,0,0,0,0,2.205261646,0.187059264,20415648.1
292,293,10,Moritz Wagner,C,83,245,0,21,43,5,446,71,171,22,77,49,94,43,53,17,68,85,24,11,13,39,57,207,96,110,13.7,4,0,0,-0.3,1,0,0,0,0,0.151841774,0.023143796,2525913.857
293,294,10,Myles Turner,C,83,250,3,22,74,74,2119,380,780,76,196,304,584,148,201,101,430,531,115,60,199,100,195,984,110,101,13.9,54,0,0,2.4,1,0,0,0,0,1.605749351,0.154403761,16851626.43
294,295,10,Nemanja Bjelica,PF,73,235,3,30,77,70,1788,284,593,103,257,181,336,70,92,125,319,444,147,54,56,82,197,741,117,110,13.5,17,0,0,1.3,0,1,0,0,0,0.774395363,0.085097083,9287495.621
295,296,10,Nenê Hilário,C,83,250,16,36,42,2,546,60,116,0,3,60,113,31,47,34,89,123,26,18,15,11,87,151,122,110,7.8,12,0,0,0,1,0,0,0,0,0.178076079,0.042721369,4662610.226
296,297,10,Nerlens Noel,C,73,220,4,24,77,2,1055,162,276,0,0,162,276,54,79,127,198,325,45,66,96,48,166,378,122,99,4.7,76,0,0,1.1,1,0,0,0,0,0.545716583,0.080780711,8816406.779
297,298,10,Nicolas Batum,SF,81,200,10,30,75,72,2354,253,562,116,298,137,264,77,89,71,319,390,247,71,43,117,140,699,112,113,17.1,22,1,0,1,0,0,0,1,0,0.7695506,0.110822062,12095119.8
438,439,10,Nik Stauskas,SG,78,205,4,25,68,0,1015,136,338,70,188,66,150,57,64,18,109,127,81,21,7,51,50,399,217,233,17.75,7,1,0,0.1,0,0,0,0,1,0.245790597,0.027847977,3039328.209
298,299,10,Nikola Jokić,C,85,253,3,23,80,80,2504,616,1206,83,270,533,936,289,352,228,637,865,580,108,55,248,228,1604,119,105,10.4,11,4,0,7,1,0,0,0,0,3.680839863,0.22566207,24628758.28
439,440,10,Nikola Mirotić,PF,73,250,4,27,46,25,1245,238,542,116,318,122,224,105,124,60,279,339,55,31,34,48,107,697,229,216,18.7,5,2,0,1.1,0,1,0,0,0,0.68579309,0.076766294,8378273.354
299,300,10,Nikola Vučević,C,83,260,7,28,80,80,2510,701,1354,84,231,617,1123,179,227,224,736,960,307,81,89,159,157,1665,115,103,10.9,51,1,0,5.5,1,0,0,0,0,2.180795934,0.256940547,28042491.29
300,301,10,Noah Vonleh,PF,73,257,4,23,68,57,1722,207,440,46,137,161,303,111,156,113,415,528,129,46,51,88,174,571,111,111,11,39,0,0,0.6,0,1,0,0,0,0.507979951,0.081132115,8854759.08
301,302,10,Norman Powell,SG,75,215,3,25,60,3,1126,193,400,68,170,125,230,62,75,16,123,139,91,39,13,65,96,516,110,109,13.7,20,3,0,0.4,0,0,0,0,1,0.320011138,0.052125898,5689020.5
302,303,10,OG Anunoby,SF,79,232,1,21,67,6,1352,183,404,67,202,116,202,36,62,58,139,197,47,46,22,55,140,469,104,109,14,39,0,0,-0.1,0,0,0,1,0,0.283634302,0.030063997,3281184.634
303,304,10,Omari Spellman,PF,80,245,0,21,46,11,805,98,244,44,128,54,116,32,45,72,122,194,47,26,25,31,67,272,110,113,14.6,25,0,0,0.2,0,1,0,0,0,0.206150775,0.024392019,2662145.004
304,305,10,Omri Casspi,SF,81,225,9,30,36,0,520,86,161,15,43,71,118,39,58,17,98,115,26,20,9,23,35,226,112,107,9.1,16,0,0,0.3,0,0,0,1,0,0.188238777,0.044678981,4876264.04
440,441,10,Otto Porter,SF,80,198,5,25,56,43,1683,299,643,104,256,195,387,78,96,54,260,314,120,82,31,65,108,780,225,224,16.9,6,0,0,1.2,0,0,0,1,0,0.779656484,0.156044296,17030674.5
305,306,10,P.J. Tucker,PF,77,245,7,33,82,82,2802,207,523,146,387,61,136,41,59,121,358,479,96,132,39,63,252,601,114,110,18.9,3,1,0,1,0,1,0,0,0,0.600039458,0.09959817,10870144.32
306,307,10,Pascal Siakam,PF,81,230,2,24,80,79,2548,519,945,79,214,440,731,237,302,124,425,549,248,73,52,154,241,1354,120,107,8.7,58,2,0,2.8,0,1,0,0,0,2.556971241,0.115985204,12658625.22
307,308,10,Pat Connaughton,SG,77,209,3,26,61,2,1261,163,350,66,200,97,150,29,40,61,197,258,122,33,25,33,81,421,122,107,16.4,43,0,0,1,0,0,0,0,1,0.334434878,0.071075851,7757218.425
308,309,10,Patrick Beverley,PG,73,185,6,30,78,49,2137,194,477,112,282,82,195,96,123,76,312,388,300,67,43,85,265,596,119,111,16.9,0,0,0,1.5,0,0,1,0,0,0.587215468,0.091887049,10028552.58
309,310,10,Patrick McCaw,SG,79,185,2,23,26,1,344,24,54,8,24,16,30,13,15,7,38,45,27,21,2,14,37,69,110,106,13.4,3,0,0,0,0,0,0,0,1,0.178076079,0.030753958,3356486.956
310,311,10,Patrick Patterson,PF,80,230,8,29,63,5,861,82,219,46,137,36,82,19,30,42,105,147,31,16,13,22,46,229,106,110,17.9,6,0,0,-0.1,0,1,0,0,0,0.171476278,0.032867052,3587110.009
311,312,10,Patty Mills,PG,73,180,9,30,82,1,1908,282,663,159,404,123,259,88,103,24,158,182,245,49,10,93,129,811,112,114,19.5,0,1,0,0.8,0,0,1,0,0,0.647567833,0.059341171,6476495.366
312,313,10,Pau Gasol,C,85,250,17,38,27,6,330,41,88,5,10,36,78,27,38,22,105,127,50,5,14,14,28,114,120,107,9.5,8,0,0,0.5,1,0,0,0,0,0.196816637,0.042943164,4686816.916
313,314,10,Paul George,SF,80,220,8,28,77,77,2841,707,1614,292,757,415,857,453,540,105,523,628,318,170,34,205,214,2159,116,105,16.6,52,8,2,6.6,0,0,0,1,0,4.223633641,0.291765055,31843238.05
314,315,10,Paul Millsap,PF,79,250,12,33,70,65,1895,322,665,58,159,264,506,181,249,153,352,505,141,83,54,95,183,883,116,106,10,43,1,1,1.8,0,1,0,0,0,1.363967926,0.12768828,13935898.91
315,316,10,Quincy Acy,PF,79,240,6,28,10,0,123,4,18,2,15,2,3,7,10,3,22,25,8,1,4,4,24,17,87,116,21.7,0,0,0,-0.2,0,1,0,0,0,0.141679075,0.047397075,5172916.808
316,317,10,Quincy Pondexter,SF,79,230,6,30,53,0,292,29,58,6,18,23,40,34,42,8,38,46,24,11,1,13,24,98,123,111,10.9,3,0,0,0.1,0,0,0,1,0,0.178076079,0.030697563,3350332.022
317,318,10,Quinn Cook,PG,73,179,2,25,74,10,1059,204,439,81,200,123,239,20,26,22,135,157,116,20,3,50,92,509,110,113,17.5,0,1,0,0,0,0,1,0,0,0.315161005,0.035135514,3834689.967
318,319,10,Rajon Rondo,PG,73,186,12,32,46,29,1369,175,432,51,142,124,290,23,36,34,209,243,367,57,7,127,100,424,100,110,12.5,4,1,0,0.2,0,0,1,0,0,0.409418847,0.088760931,9687368.022
319,320,10,Raul Neto,PG,73,179,3,26,37,1,474,74,161,20,60,54,101,28,33,6,56,62,93,14,4,35,49,196,111,108,12.9,0,0,0,0.2,0,0,1,0,0,0.20773243,0.03480986,3799148.132
321,322,10,Ray Spalding,PF,73,215,0,21,13,3,147,25,47,0,3,25,44,4,12,15,33,48,5,9,8,9,23,54,99,108,4.7,7,0,0,-0.1,0,1,0,0,0,0.152017981,0.024404445,2663501.15
322,323,10,Raymond Felton,PG,73,205,13,34,33,0,379,55,135,20,61,35,74,12,13,4,30,34,52,10,6,14,29,142,110,111,18.1,0,1,0,0.1,0,0,1,0,0,0.196816637,0.030451256,3323450.075
441,442,10,Reggie Bullock,SG,78,200,5,27,63,60,1879,245,594,148,393,97,201,73,85,22,151,173,129,40,12,65,109,711,220,225,20.1,2,0,0,0.5,0,0,0,0,1,0.640280007,0.090792753,9909121.109
323,324,10,Reggie Jackson,PG,75,208,7,28,82,82,2289,441,1047,174,471,267,576,204,236,45,171,216,344,55,9,148,208,1260,111,112,16.5,14,4,0,1.4,0,0,1,0,0,1.111334513,0.130407168,14232638.34
324,325,10,Richaun Holmes,C,73,240,3,25,70,4,1184,222,365,0,0,222,365,128,175,115,216,331,60,42,79,52,194,572,127,111,3.5,95,0,0,0.8,1,0,0,0,0,0.643285011,0.085950176,9380602.211
325,326,10,Ricky Rubio,PG,75,190,7,28,68,67,1899,295,730,79,254,216,476,195,228,33,210,243,416,91,10,180,180,864,105,107,14.6,0,1,0,0.9,0,0,1,0,0,0.942876423,0.108397957,11830553.08
442,443,10,Robert Covington,SF,79,211,5,28,35,35,1203,156,362,85,225,71,137,68,89,28,165,193,46,74,47,47,126,465,217,215,18.9,12,0,0,1.1,0,0,0,1,0,0.42520156,0.130537918,14246908.32
326,327,10,Robert Williams,C,80,237,0,21,32,2,283,36,51,0,0,36,51,9,15,27,54,81,7,9,40,10,36,81,132,100,2.6,26,0,0,0.3,1,0,0,0,0,0.218498372,0.022150529,2417508.76
327,328,10,Robin Lopez,C,85,275,10,30,74,36,1606,304,535,7,31,297,504,89,123,140,146,286,89,11,78,96,124,704,113,115,6.3,38,0,0,0,1,0,0,0,0,0.779089475,0.073201925,7989258.076
328,329,10,Rodions Kurucs,SF,81,228,0,20,63,46,1294,202,449,58,184,144,265,72,92,56,190,246,52,41,25,77,146,534,102,109,12.5,47,4,0,-0.2,0,0,0,1,0,0.366794252,0.03398377,3708988.708
443,444,10,Rodney Hood,SG,80,208,4,26,72,49,1893,292,671,84,236,208,435,137,155,25,132,157,126,59,12,55,146,805,225,232,16.1,10,1,0,0,0,0,0,0,1,0.768414419,0.065088113,7103716.706
330,331,10,Ron Baker,SG,76,220,2,25,11,0,107,4,16,1,9,3,7,5,6,1,6,7,13,5,0,3,16,14,94,115,16.6,0,0,0,-0.1,0,0,0,0,1,0.141679075,0.021627201,2360392.765
331,332,10,Rondae Hollis-Jefferson,SF,78,217,3,24,59,21,1234,200,487,9,49,191,438,118,183,83,227,310,96,44,27,68,107,527,99,108,6.6,19,0,0,-0.2,0,0,0,1,0,0.366002013,0.064230673,7010135.675
332,333,10,Royce O'Neale,SF,76,226,1,25,82,16,1671,163,343,68,176,95,167,32,42,22,263,285,124,54,24,70,172,426,108,106,14.9,22,5,0,0.6,0,0,0,1,0,0.442914333,0.033785754,3687377.187
333,334,10,Rudy Gay,PF,80,230,12,32,69,51,1842,376,746,74,184,302,562,120,147,63,407,470,182,54,34,114,159,946,111,109,13.2,34,3,0,1.6,0,1,0,0,0,0.880039658,0.109764454,11979692.48
334,335,10,Rudy Gobert,C,85,245,5,26,81,80,2577,476,712,0,0,476,712,332,522,309,732,1041,161,66,187,130,231,1284,133,100,2.2,306,0,0,4.8,1,0,0,0,0,2.778990898,0.231601839,25277024.7
335,336,10,Russell Westbrook,PG,75,200,10,30,73,73,2630,630,1473,119,411,511,1062,296,451,109,698,807,784,142,33,325,245,1675,105,103,12.5,33,0,0,4.7,0,0,1,0,0,3.598203536,0.229740019,25073825.72
337,338,10,Ryan Arcidiacono,PG,75,195,1,24,81,32,1961,187,418,81,217,106,201,89,102,27,192,219,269,65,4,63,171,544,121,115,16.8,0,0,0,0.1,0,0,1,0,0,0.49772217,0.027845755,3039085.655
338,339,10,Ryan Broekhoff,SG,78,215,0,28,42,0,453,57,126,38,93,19,33,15,19,8,55,63,22,6,4,16,35,167,116,114,20.2,2,1,0,0.1,0,0,0,0,1,0.178076079,0.02244288,2449415.889
339,340,10,Salah Mejri,C,86,235,3,32,36,4,399,55,112,11,34,44,78,20,32,36,95,131,35,10,26,21,55,141,114,106,10.1,22,0,0,0.3,1,0,0,0,0,0.187410216,0.039872785,4351715.798
444,445,10,Sam Dekker,PF,81,230,3,24,47,5,788,120,256,19,62,101,194,28,46,53,95,148,46,38,7,24,47,287,222,228,9.85,33,0,0,0,0,1,0,0,0,0.22973251,0.043897736,4790998.854
340,341,10,Semi Ojeleye,PF,78,235,1,24,56,3,594,67,158,28,89,39,69,24,39,24,62,86,23,10,4,19,43,186,106,112,16.7,9,1,0,-0.3,0,1,0,0,0,0.171476278,0.022461898,2451491.531
341,342,10,Serge Ibaka,C,85,235,9,29,74,51,2010,464,877,49,169,415,708,135,177,156,445,601,99,29,103,114,211,1112,113,105,11.8,71,0,0,1.2,1,0,0,0,0,1.588838893,0.160627543,17530890
342,343,10,Seth Curry,SG,74,185,4,28,74,2,1399,212,465,113,251,99,214,44,52,27,93,120,66,36,12,61,97,581,113,114,19,1,0,0,0.3,0,0,0,0,1,0.377605038,0.045508986,4966850.768
343,344,10,Shabazz Napier,PG,73,175,4,27,56,2,983,169,435,76,228,93,207,115,138,18,82,100,143,41,16,66,67,529,109,110,17.2,0,1,0,0.9,0,0,1,0,0,0.335048214,0.050615531,5524179.07
344,345,10,Shai Gilgeous-Alexander,PG,77,181,0,20,82,73,2174,341,716,51,139,290,577,156,195,57,175,232,270,96,45,141,175,889,108,112,11.2,19,1,0,0.8,0,0,1,0,0,1.014133115,0.044639514,4871956.608
346,347,10,Shaquille Harrison,SG,79,190,1,25,73,11,1430,184,426,24,89,160,337,82,123,33,189,222,139,89,30,60,124,474,101,110,8.4,14,3,0,0.2,0,0,0,0,1,0.470258566,0.032057279,3498731.429
347,348,10,Shaun Livingston,PG,79,192,13,33,64,0,967,109,210,0,2,109,208,40,51,42,75,117,114,31,27,38,74,258,118,112,8.8,23,2,0,0.2,0,0,1,0,0,0.254683822,0.040911737,4465106.933
349,350,10,Sindarius Thornwell,SG,77,215,1,24,64,1,313,17,49,3,15,14,34,25,34,5,39,44,18,14,7,20,41,62,88,110,10.2,0,0,0,-0.2,0,0,0,0,1,0.141679075,0.023064728,2517284.419
351,352,10,Solomon Hill,SF,78,225,5,27,44,15,878,68,178,32,101,36,77,23,32,34,99,133,55,23,10,31,80,191,103,115,16.7,7,1,0,-0.3,0,0,0,1,0,0.190216836,0.059695219,6515136.251
352,353,10,Spencer Dinwiddie,PG,77,215,4,25,68,4,1914,366,828,124,370,242,458,287,356,26,140,166,311,40,17,152,187,1143,114,113,14.4,15,5,1,1.3,0,0,1,0,0,2.068798803,0.108761115,11870188.1
445,446,10,Stanley Johnson,SF,78,245,3,22,66,7,1208,171,440,62,215,109,225,50,64,34,183,217,88,60,14,81,114,454,185,219,14.8,5,3,0,-0.1,0,0,0,1,0,0.475478733,0.038381735,4188982.56
353,354,10,Stephen Curry,PG,75,190,9,30,69,69,2331,632,1340,354,810,278,530,263,287,45,324,369,361,92,25,192,166,1881,120,110,19.7,1,11,1,5.1,0,0,1,0,0,3.054971825,0.295256678,32224313.81
354,355,10,Sterling Brown,SG,77,232,1,23,58,7,1034,145,312,53,147,92,165,29,42,29,155,184,84,25,8,46,88,372,109,108,14,13,2,0,0.1,0,0,0,0,1,0.267328547,0.023653981,2581595.533
355,356,10,Steven Adams,C,83,265,5,25,80,80,2669,481,809,0,2,481,807,146,292,391,369,760,124,117,76,135,204,1108,120,106,3.5,131,2,0,2.1,1,0,0,0,0,1.794457804,0.192351507,20993243.46
357,358,10,T.J. Leaf,PF,73,225,1,21,58,1,522,99,183,8,31,91,152,19,31,43,82,125,24,9,19,12,35,225,119,107,8.1,16,0,0,0.2,0,1,0,0,0,0.196599156,0.021309969,2325770.001
358,359,10,T.J. McConnell,PG,73,190,3,26,76,3,1470,220,419,14,42,206,377,29,37,28,146,174,258,79,17,91,105,483,110,110,10.9,0,0,0,0.4,0,0,1,0,0,0.533997488,0.04714271,5145155.32
359,360,10,T.J. Warren,SF,80,215,4,25,43,36,1360,297,611,77,180,220,431,101,124,31,143,174,64,51,29,52,119,772,111,116,12.1,19,0,0,0.6,0,0,0,1,0,0.651071382,0.139783277,15255946.87
360,361,10,Taj Gibson,PF,81,225,9,33,70,57,1686,304,537,11,34,293,503,134,177,172,286,458,84,53,39,73,186,753,123,112,5.9,55,1,0,0.8,0,1,0,0,0,0.740063127,0.092500869,10095544.88
361,362,10,Taurean Waller-Prince,SF,79,218,2,24,55,47,1552,262,594,123,315,139,279,95,116,22,177,199,118,53,19,100,141,742,106,115,16.9,10,3,0,0,0,0,0,1,0,0.590360561,0.04417073,4820793.523
362,363,10,Terrance Ferguson,SG,78,190,1,20,74,74,1931,185,431,106,290,79,141,37,51,33,108,141,72,40,16,47,231,513,112,112,18.2,24,0,0,-0.9,0,0,0,0,1,0.32620098,0.035569963,3882105.741
363,364,10,Terrence Ross,SG,78,206,6,27,81,0,2150,440,1027,217,566,223,461,126,144,27,253,280,135,72,29,90,119,1223,108,109,20.7,24,7,0,1.5,0,0,0,0,1,0.974518785,0.101380323,11064648.45
364,365,10,Terry Rozier,PG,73,190,3,24,79,14,1791,258,666,119,337,139,329,73,93,32,275,307,231,68,21,68,101,708,106,108,17,15,0,0,0.8,0,0,1,0,0,0.640440123,0.067804427,7400175.172
365,366,10,Thabo Sefolosha,SF,78,220,12,34,50,2,609,71,149,34,78,37,71,14,22,8,115,123,27,43,5,25,41,190,107,102,15.5,4,0,0,0.5,0,0,0,1,0,0.220830049,0.033947871,3705070.634
366,367,10,Thaddeus Young,PF,80,220,11,30,81,81,2489,443,841,51,146,392,695,87,135,192,331,523,204,123,36,123,194,1024,113,106,7.8,36,2,0,2.2,0,1,0,0,0,1.450035496,0.151207632,16502800.96
367,368,10,Theo Pinson,SG,77,212,0,23,18,0,211,25,73,12,46,13,27,19,22,4,32,36,21,6,0,18,15,81,94,111,19,1,1,0,-0.1,0,0,0,0,1,0.141679075,0.0191298,2087826.393
368,369,10,Thomas Bryant,C,73,248,1,21,72,53,1496,309,502,33,99,276,403,107,137,113,341,454,92,25,67,60,126,758,130,112,9,117,0,0,1.5,1,0,0,0,0,0.782029565,0.031750332,3465231.246
446,447,10,Thon Maker,PF,85,221,2,21,64,5,972,109,268,49,153,60,115,56,84,41,161,202,45,21,51,33,105,323,216,211,16.2,24,0,0,0.2,0,1,0,0,0,0.244286499,0.037912818,4137804.969
447,448,10,Tim Frazier,PG,73,170,4,28,59,19,1120,116,261,37,101,79,160,41,54,41,127,168,248,30,5,76,112,310,224,224,14.35,1,0,0,0.1,0,0,1,0,0,0.257829404,0.049308632,5381544.081
448,449,10,Tim Hardaway,SG,77,205,5,26,65,63,2057,390,993,162,477,228,516,232,276,33,189,222,159,54,8,105,141,1174,208,230,17.5,14,2,0,0,0,0,0,0,1,1.592150057,0.130630206,14256980.72
449,450,10,Timothé Luwawu-Cabarrot,SF,79,210,2,23,50,7,669,82,218,36,116,46,102,31,41,11,86,97,26,19,8,21,73,231,183,223,15.35,5,1,0,-0.6,0,0,0,1,0,0.178076079,0.035681796,3894311.268
450,451,10,Tobias Harris,PF,80,235,7,26,82,82,2847,611,1254,156,393,455,861,266,307,69,576,645,229,51,37,151,184,1644,227,223,13.4,55,3,0,2.6,0,1,0,0,0,2.350715166,0.160187307,17482842.64
369,370,10,Tomá Satoranský,PG,79,198,2,27,80,54,2164,257,530,64,162,193,368,131,160,82,197,279,399,82,13,120,172,709,121,116,12.2,25,2,0,0.7,0,0,1,0,0,0.776746553,0.058949587,6433757.933
370,371,10,Tony Parker,PG,74,185,17,36,56,0,1003,213,463,13,51,200,412,91,124,14,69,83,207,21,7,75,53,530,106,117,11.3,0,2,0,-0.1,0,0,1,0,0,0.325596181,0.045203068,4933462.893
371,372,10,Tony Snell,SF,78,213,5,27,74,12,1304,163,361,81,204,82,157,37,42,29,128,157,68,26,18,23,90,444,119,109,16.8,15,1,0,0.4,0,0,0,1,0,0.254150975,0.05346535,5835208.34
372,373,10,Torrey Craig,SF,79,215,1,28,75,37,1503,160,362,61,188,99,174,49,70,89,174,263,72,37,46,44,175,430,114,110,14.5,27,0,0,0,0,0,0,1,0,0.336282371,0.030485211,3327155.975
373,374,10,Trae Young,PG,73,180,0,20,81,81,2503,525,1256,156,482,369,774,343,414,64,237,301,653,72,15,308,140,1549,107,117,14.9,0,1,0,0.9,0,0,1,0,0,2.023468809,0.052317892,5709974.713
374,375,10,Treveon Graham,SG,77,223,2,25,35,21,715,64,191,38,128,26,63,18,22,23,84,107,34,13,7,17,68,184,99,112,19.3,0,0,0,-0.3,0,0,0,0,1,0.152017981,0.033748671,3683329.982
451,452,10,Trevor Ariza,SF,80,215,14,33,69,69,2349,294,736,145,434,149,302,130,164,50,321,371,252,91,21,106,130,863,213,230,16.65,29,1,0,0.4,0,0,0,1,0,0.90217606,0.101936829,11125385.57
452,453,10,Trey Burke,PG,73,175,5,26,58,8,1125,236,548,56,159,180,389,103,124,28,71,99,159,33,7,49,58,631,225,231,14.3,1,3,0,0.5,0,0,1,0,0,0.539579856,0.054579253,5956779.646
375,376,10,Trey Lyles,PF,81,234,3,23,64,2,1120,207,495,51,200,156,295,81,116,44,202,246,87,30,23,68,93,546,100,109,13.8,25,2,0,-0.1,0,1,0,0,0,0.373506166,0.059323229,6474537.212
376,377,10,Tristan Thompson,C,81,238,7,27,43,40,1198,201,380,0,0,201,380,68,106,173,265,438,86,28,16,59,89,470,117,116,4.8,30,0,0,0.4,1,0,0,0,0,0.364315414,0.129719883,14157627.98
377,378,10,Troy Brown,SF,78,215,0,19,52,10,730,97,234,22,69,75,165,32,47,35,110,145,80,21,5,30,56,248,105,115,12.9,12,1,0,-0.1,0,0,0,1,0,0.201132629,0.026066654,2844914.627
378,379,10,Troy Daniels,SG,76,205,5,27,51,1,760,113,275,74,194,39,81,18,23,13,60,73,26,26,5,27,79,318,104,118,21.3,0,0,0,-0.3,0,0,0,0,1,0.176937595,0.037466373,4089079.987
453,454,10,Tyler Dorsey,SG,77,183,1,22,48,11,698,107,264,44,132,63,132,38,61,27,86,113,56,14,2,27,53,296,204,229,15.6,1,0,0,-0.3,0,0,0,0,1,0.202277954,0.023514491,2566371.529
454,455,10,Tyler Johnson,PG,75,190,4,26,57,22,1529,217,526,90,260,127,266,95,127,34,139,173,166,54,27,77,97,619,217,226,15.85,5,0,0,0.6,0,0,1,0,0,0.609803537,0.09846304,10746256.2
380,381,10,Tyreke Evans,SG,78,220,9,29,69,18,1402,257,660,77,216,180,444,115,160,33,168,201,166,58,18,118,117,706,94,107,12.7,1,0,0,-0.2,0,0,0,0,1,0.595185103,0.049865882,5442362.409
381,382,10,Tyrone Wallace,PG,77,198,1,24,62,0,628,92,217,4,19,88,198,30,57,20,81,101,42,21,7,36,83,218,89,112,7.4,5,0,0,-0.7,0,0,1,0,0,0.169608573,0.021431452,2339028.629
382,383,10,Tyson Chandler,C,85,240,17,36,48,6,786,53,87,0,1,53,86,41,69,85,183,268,31,19,22,35,89,147,121,108,2.2,31,0,0,0,1,0,0,0,0,0.250303275,0.053216565,5808055.862
383,384,10,Tyus Jones,PG,73,196,3,22,68,23,1560,185,446,40,126,145,320,58,69,23,111,134,327,81,5,47,78,468,116,114,13.2,0,1,0,0.6,0,0,1,0,0,0.413460446,0.075142962,8201102.862
384,385,10,Victor Oladipo,SG,76,210,5,26,36,36,1147,249,588,74,216,175,372,103,141,21,181,202,186,60,11,82,72,675,104,105,16.2,16,1,0,1.4,0,0,0,0,1,0.957568547,0.168500197,18390111.55
385,386,10,Vince Carter,PF,78,220,20,42,76,9,1330,196,468,123,316,73,152,47,66,31,163,194,87,44,27,48,141,562,112,115,19.8,15,3,0,0.5,0,1,0,0,0,0.370321483,0.045529268,4969064.334
386,387,10,Walt Lemon,PG,75,180,1,26,6,3,167,38,87,2,5,36,82,8,11,4,23,27,30,11,1,10,14,86,98,110,7.1,1,0,0,0,0,0,1,0,0,0.152017981,0.047502939,5184470.759
455,456,10,Wayne Ellington,SG,76,200,9,31,53,38,1297,184,457,138,372,46,85,39,49,14,93,107,72,54,6,40,92,545,224,220,21.8,1,0,0,0.7,0,0,0,0,1,0.418838597,0.09308087,10158846.2
456,457,10,Wayne Selden,SG,77,230,2,24,75,13,1439,196,483,55,174,141,309,67,92,37,143,180,109,33,13,79,131,514,192,228,14.1,17,0,0,-1.3,0,0,0,0,1,0.330790898,0.036195537,3950380.928
387,388,10,Wendell Carter,C,81,259,0,19,44,44,1110,180,371,6,32,174,339,89,112,87,220,307,78,26,58,65,152,455,107,110,8.4,43,0,0,0.1,1,0,0,0,0,0.300912551,0.046063216,5027339.431
388,389,10,Wesley Iwundu,SF,78,195,1,24,68,13,1233,113,274,29,79,84,195,84,103,37,147,184,73,28,22,44,123,339,107,110,12.6,17,1,0,-0.4,0,0,0,1,0,0.292462189,0.028552968,3116270.92
457,458,10,Wesley Johnson,SF,79,215,8,31,38,13,534,45,128,25,76,20,52,13,19,12,60,72,23,14,12,18,63,128,179,231,19.9,3,0,0,-0.4,0,0,0,1,0,0.178076079,0.030297816,3306703.601
458,459,10,Wesley Matthews,SG,76,220,9,32,67,67,2037,275,679,148,393,127,286,128,158,31,136,167,155,53,16,89,158,826,215,225,18.5,0,2,0,0.1,0,0,0,0,1,0.6521208,0.108299897,11819850.79
389,390,10,Will Barton,SF,77,175,6,28,43,38,1189,185,460,67,196,118,264,57,74,32,167,199,124,18,22,65,82,494,102,111,15.1,6,2,0,0,0,0,0,1,0,0.312897888,0.096418333,10523096.88
390,391,10,Willie Cauley-Stein,C,85,240,3,25,81,81,2213,412,741,1,2,411,739,140,254,181,497,678,194,96,51,84,227,965,118,108,4.5,182,1,0,1.8,1,0,0,0,0,1.490976211,0.130864073,14282504.93
391,392,10,Willy Hernangómez,C,83,240,2,24,58,3,812,153,295,15,39,138,256,100,144,117,194,311,60,16,20,58,98,421,118,111,6.3,25,0,0,0.4,1,0,0,0,0,0.3320349,0.040701033,4442110.732
459,460,10,Wilson Chandler,SF,80,235,10,31,51,33,1177,114,273,59,158,55,115,18,25,48,167,215,82,25,21,46,123,305,205,224,18.1,2,0,0,-0.2,0,0,0,1,0,0.261246937,0.046319919,5055355.975
392,393,10,Yogi Ferrell,PG,73,180,2,25,71,3,1067,153,352,54,149,99,203,60,67,13,96,109,137,36,4,40,64,420,114,114,16.1,0,3,0,0.2,0,0,1,0,0,0.273245152,0.032072825,3500428.079
394,395,10,Zach Collins,C,83,232,1,21,77,0,1356,189,400,40,121,149,279,94,126,109,215,324,71,25,66,77,174,512,112,110,10.8,27,0,0,0.3,1,0,0,0,0,0.354278337,0.030502562,3329049.642
395,396,10,Zach LaVine,SG,78,181,4,23,63,62,2171,530,1135,120,321,410,814,312,375,40,254,294,283,60,26,215,140,1492,106,115,12,69,2,0,1.5,0,0,0,0,1,2.002692811,0.188000183,20518339.93
396,397,10,Zaza Pachulia,C,83,270,15,34,68,3,878,85,193,0,4,85,189,97,124,99,166,265,91,31,17,57,151,267,114,107,7.1,4,4,0,0.2,1,0,0,0,0,0.291841026,0.041213196,4498008.234
397,398,10,Zhaire Smith,SG,75,199,0,19,6,2,111,14,34,6,16,8,18,6,8,3,10,13,10,2,2,6,8,40,105,113,14.8,3,0,0,-0.1,0,0,0,0,1,0.171476278,0.031129191,3397439.865